16,10,15,10,6,19,1,2,1,10,10,16,4,10,10,15,5,19,13.45362404707371,False,False,True,False,False,True,True,False,1,0,0,45,45,1,0,0,True,False,False,4.692,UP
16,7,16,8,6,19,1,2,1,7,13,16,4,8,12,16,4,22,15.620499351813308,False,True,False,False,False,True,True,False,0,1,0,48,48,1,0,0,True,False,False,4.97,UP
16,3,16,4,6,19,1,2,1,3,17,16,4,4,16,16,4,26,18.867962264113206,False,True,False,False,False,True,True,False,0,1,0,52,52,1,0,0,True,False,False,5.363,UP
16,0,16,1,6,19,1,2,1,0,20,16,4,1,19,16,4,29,21.470910553583888,False,True,False,False,False,True,True,False,0,1,0,55,55,1,0,0,True,False,False,5.667,UP
16,15,16,16,6,19,4,2,1,15,5,16,4,16,4,16,4,14,10.770329614269007,False,True,False,False,False,True,True,False,0,1,0,80,80,1,0,0,True,False,False,8.108,RIGHT
4,15,3,15,6,19,1,2,1,15,5,4,16,15,5,3,17,6,4.47213595499958,False,False,True,False,False,True,False,True,1,0,0,88,88,1,0,0,True,False,False,8.923,UP
4,13,4,14,6,19,1,2,1,13,7,4,16,14,6,4,16,8,6.324555320336759,False,True,False,False,False,True,False,True,0,1,0,90,90,1,0,0,True,False,False,9.139,UP
4,12,4,13,6,19,4,2,1,12,8,4,16,13,7,4,16,9,7.280109889280518,False,True,False,False,False,True,False,True,0,1,0,91,91,1,0,0,True,False,False,9.251,RIGHT
14,12,13,12,6,19,4,2,1,12,8,14,6,12,8,13,7,15,10.63014581273465,False,False,True,False,False,True,True,False,1,0,0,101,101,1,0,0,True,False,False,10.251,RIGHT
6,12,5,12,6,19,2,2,1,12,8,6,14,12,8,5,15,7,7,False,False,True,False,False,True,False,False,1,0,0,113,113,1,0,0,True,False,False,11.459,DOWN
6,19,6,17,17,12,4,3,2,19,1,6,14,17,3,6,14,18,13.038404810405298,True,False,False,False,True,False,False,True,0,2,0,119,119,1,0,0,True,False,False,12.115,RIGHT
15,19,13,19,17,12,1,3,2,19,1,15,5,19,1,13,7,9,7.280109889280518,False,False,True,False,True,False,False,True,2,0,0,128,128,1,0,0,True,False,False,13.092,UP
15,13,15,15,17,12,4,3,2,13,7,15,5,15,5,15,5,3,2.23606797749979,False,True,False,False,True,False,False,True,0,2,0,134,134,1,0,0,True,False,False,13.7,RIGHT
18,13,16,13,17,12,1,3,2,13,7,18,2,13,7,16,4,2,1.4142135623730951,False,False,True,False,True,False,True,False,2,0,0,137,137,1,0,0,True,False,False,13.947,UP
18,9,18,11,17,12,3,3,2,9,11,18,2,11,9,18,2,4,3.1622776601683795,False,True,False,False,False,True,True,False,0,2,0,141,141,1,0,0,True,False,False,14.411,LEFT
15,9,17,9,17,12,2,3,2,9,11,15,5,9,11,17,3,5,3.605551275463989,False,False,False,True,False,True,False,True,2,0,0,144,144,1,0,0,True,False,False,14.667,DOWN
15,11,15,9,17,12,4,3,2,11,9,15,5,9,11,15,5,3,2.23606797749979,True,False,False,False,False,True,False,True,0,2,0,146,146,1,0,0,True,False,False,14.867,RIGHT
19,11,17,11,17,12,2,3,2,11,9,19,1,11,9,17,3,3,2.23606797749979,False,False,True,False,False,True,True,False,2,0,0,150,150,1,0,0,True,False,False,15.236,DOWN
19,13,19,11,17,12,3,3,2,13,7,19,1,11,9,19,1,3,2.23606797749979,True,False,False,False,True,False,True,False,0,2,0,152,152,1,0,0,True,False,False,15.443,LEFT
16,13,18,13,17,12,1,3,2,13,7,16,4,13,7,18,2,2,1.4142135623730951,False,False,False,True,True,False,False,True,2,0,0,155,155,1,0,0,True,False,False,15.724,UP
16,8,16,10,17,12,4,3,2,8,12,16,4,10,10,16,4,5,4.123105625617661,False,True,False,False,False,True,False,True,0,2,0,160,160,1,0,0,True,False,False,16.219,RIGHT
18,8,16,8,17,12,2,3,2,8,12,18,2,8,12,16,4,5,4.123105625617661,False,False,True,False,False,True,True,False,2,0,0,162,162,1,0,0,True,False,False,16.411,DOWN
18,9,17,8,17,12,3,3,2,9,11,18,2,8,12,17,3,4,3.1622776601683795,True,False,False,False,False,True,True,False,0,1,1,163,163,1,0,0,True,False,False,16.603,LEFT
14,9,16,9,17,12,2,3,2,9,11,14,6,9,11,16,4,6,4.242640687119285,False,False,False,True,False,True,False,True,2,0,0,167,167,1,0,0,True,False,False,16.915,DOWN
14,12,14,10,17,12,4,3,2,12,8,14,6,10,10,14,6,3,3,True,False,False,False,False,False,False,True,0,2,0,170,170,1,0,0,True,False,False,17.315,RIGHT
18,12,15,12,7,8,1,4,3,12,8,18,2,12,8,15,5,15,11.704699910719626,False,False,True,False,True,False,True,False,3,0,0,173,173,1,0,0,True,False,False,17.637,UP
18,9,18,12,7,8,3,4,3,9,11,18,2,12,8,18,2,12,11.045361017187261,False,True,False,False,True,False,True,False,0,3,0,176,176,1,0,0,True,False,False,17.915,LEFT
8,9,11,9,7,8,1,4,3,9,11,8,12,9,11,11,9,2,1.4142135623730951,False,False,False,True,True,False,True,False,3,0,0,186,186,1,0,0,True,False,False,18.908,UP
8,5,8,8,7,8,3,4,3,5,15,8,12,8,12,8,12,4,3.1622776601683795,False,True,False,False,False,True,True,False,0,3,0,190,190,1,0,0,True,False,False,19.315,LEFT
5,5,8,5,7,8,2,4,3,5,15,5,15,5,15,8,12,5,3.605551275463989,False,False,False,True,False,True,False,True,3,0,0,193,193,1,0,0,True,False,False,19.619,DOWN
5,7,6,5,7,8,4,4,3,7,13,5,15,5,15,6,14,3,2.23606797749979,True,False,False,False,False,True,False,True,0,2,1,195,195,1,0,0,True,False,False,19.843,RIGHT
10,7,7,7,7,8,2,4,3,7,13,10,10,7,13,7,13,4,3.1622776601683795,False,False,True,False,False,True,True,False,3,0,0,200,200,1,0,0,True,False,False,20.338,DOWN
10,9,9,7,7,8,3,4,3,9,11,10,10,7,13,9,11,4,3.1622776601683795,True,False,False,False,True,False,True,False,0,2,1,202,202,1,0,0,True,False,False,20.539,LEFT
7,9,10,9,7,8,1,4,3,9,11,7,13,9,11,10,10,1,1,False,False,False,True,True,False,False,False,3,0,0,205,205,1,0,0,True,False,False,20.875,UP
7,1,7,5,14,2,4,5,4,1,19,7,13,5,15,7,13,8,7.0710678118654755,False,True,False,False,False,True,False,True,0,4,0,212,212,1,0,0,True,False,False,21.707,RIGHT
13,1,9,1,14,2,2,5,4,1,19,13,7,1,19,9,11,2,1.4142135623730951,False,False,True,False,False,True,False,True,4,0,0,218,218,1,0,0,True,False,False,22.267,DOWN
13,6,13,2,14,2,4,5,4,6,14,13,7,2,18,13,7,5,4.123105625617661,True,False,False,False,True,False,False,True,0,4,0,223,223,1,0,0,True,False,False,22.763,RIGHT
16,6,13,5,14,2,1,5,4,6,14,16,4,5,15,13,7,6,4.47213595499958,False,False,True,False,True,False,True,False,3,0,1,226,226,1,0,0,True,False,False,23.035,UP
16,3,15,6,14,2,3,5,4,3,17,16,4,6,14,15,5,3,2.23606797749979,False,True,False,False,True,False,True,False,0,3,1,229,229,1,0,0,True,False,False,23.339,LEFT
12,3,16,3,14,2,1,5,4,3,17,12,8,3,17,16,4,3,2.23606797749979,False,False,False,True,True,False,False,True,4,0,0,233,233,1,0,0,True,False,False,23.755,UP
12,1,14,3,14,2,4,5,4,1,19,12,8,3,17,14,6,3,2.23606797749979,False,True,False,False,False,True,False,True,0,2,1,235,235,1,0,0,True,False,False,23.915,RIGHT
14,1,12,3,14,2,2,5,4,1,19,14,6,3,17,12,8,1,1,False,False,True,False,False,True,False,False,2,0,1,237,237,1,0,0,True,False,False,24.155,DOWN
14,18,14,13,9,19,3,6,5,18,2,14,6,13,7,14,6,6,5.0990195135927845,True,False,False,False,False,True,True,False,0,5,0,253,253,1,0,0,True,False,False,25.867,LEFT
8,18,13,18,9,19,2,6,5,18,2,8,12,18,2,13,7,2,1.4142135623730951,False,False,False,True,False,True,False,True,5,0,0,259,259,1,0,0,True,False,False,26.435,DOWN
8,19,12,18,9,19,4,6,5,19,1,8,12,18,2,12,8,1,1,True,False,False,False,False,False,False,True,0,1,1,260,260,1,0,0,True,False,False,26.547,RIGHT
13,19,8,18,4,15,1,7,6,19,1,13,7,18,2,8,12,13,9.848857801796104,False,False,True,False,True,False,True,False,5,0,1,264,264,1,0,0,True,False,False,27.076,UP
13,14,12,19,4,15,3,7,6,14,6,13,7,19,1,12,8,10,9.055385138137417,False,True,False,False,False,True,True,False,0,5,1,269,269,1,0,0,True,False,False,27.515,LEFT
5,14,11,14,4,15,2,7,6,14,6,5,15,14,6,11,9,2,1.4142135623730951,False,False,False,True,False,True,True,False,6,0,0,277,277,1,0,0,True,False,False,28.348,DOWN
5,0,5,14,4,15,4,7,6,0,20,5,15,14,6,5,15,16,15.033296378372908,True,False,False,False,False,True,True,False,0,6,0,283,283,14,0,0,True,False,False,28.931,RIGHT
11,0,5,0,4,15,2,7,6,0,20,11,9,0,20,5,15,22,16.55294535724685,False,False,True,False,False,True,True,False,6,0,0,289,289,1,0,0,True,False,False,29.611,DOWN
11,14,11,8,4,15,3,7,6,14,6,11,9,8,12,11,9,8,7.0710678118654755,True,False,False,False,False,True,True,False,0,6,0,303,303,1,0,0,True,False,False,30.98,LEFT
5,14,11,14,4,15,2,7,6,14,6,5,15,14,6,11,9,2,1.4142135623730951,False,False,False,True,False,True,True,False,6,0,0,309,309,1,0,0,True,False,False,31.611,DOWN
5,16,9,14,4,15,4,7,6,16,4,5,15,14,6,9,11,2,1.4142135623730951,True,False,False,False,True,False,True,False,0,2,1,311,311,1,0,0,True,False,False,31.779,RIGHT
11,16,5,16,4,15,1,7,6,16,4,11,9,16,4,5,15,8,7.0710678118654755,False,False,True,False,True,False,True,False,6,0,0,317,317,1,0,0,True,False,False,32.332,UP
11,12,9,16,4,15,3,7,6,12,8,11,9,16,4,9,11,10,7.615773105863909,False,True,False,False,False,True,True,False,0,4,1,321,321,1,0,0,True,False,False,32.779,LEFT
5,12,11,12,4,15,2,7,6,12,8,5,15,12,8,11,9,4,3.1622776601683795,False,False,False,True,False,True,True,False,6,0,0,327,327,1,0,0,True,False,False,33.379,DOWN
5,16,7,12,4,15,3,7,6,16,4,5,15,12,8,7,13,2,1.4142135623730951,True,False,False,False,True,False,True,False,0,4,1,331,331,1,0,0,True,False,False,33.779,LEFT
2,16,5,13,4,15,1,7,6,16,4,2,18,13,7,5,15,3,2.23606797749979,False,False,False,True,True,False,False,True,3,0,1,334,334,1,0,0,True,False,False,34.075,UP
2,13,5,16,4,15,4,7,6,13,7,2,18,16,4,5,15,4,2.8284271247461903,False,True,False,False,False,True,False,True,0,3,1,337,337,1,0,0,True,False,False,34.379,RIGHT
4,13,3,16,4,15,2,7,6,13,7,4,16,16,4,3,17,2,2,False,False,True,False,False,True,False,False,2,0,2,339,339,1,0,0,True,False,False,34.595,DOWN
4,18,2,13,8,2,4,8,7,18,2,4,16,13,7,2,18,20,16.492422502470642,True,False,False,False,True,False,False,True,0,5,1,343,343,1,0,0,True,False,False,35.067,RIGHT
9,18,4,16,8,2,1,8,7,18,2,9,11,16,4,4,16,17,16.0312195418814,False,False,True,False,True,False,True,False,5,0,1,348,348,1,0,0,True,False,False,35.523,UP
9,3,9,10,8,2,3,8,7,3,17,9,11,10,10,9,11,2,1.4142135623730951,False,True,False,False,True,False,True,False,0,7,0,363,363,1,0,0,True,False,False,37.043,LEFT
5,3,9,6,8,2,1,8,7,3,17,5,15,6,14,9,11,4,3.1622776601683795,False,False,False,True,True,False,False,True,4,0,1,367,367,1,0,0,True,False,False,37.435,UP
5,1,9,4,8,2,4,8,7,1,19,5,15,4,16,9,11,4,3.1622776601683795,False,True,False,False,False,True,False,True,0,2,2,369,369,1,0,0,True,False,False,37.603,RIGHT
6,1,9,3,8,2,2,8,7,1,19,6,14,3,17,9,11,3,2.23606797749979,False,False,True,False,False,True,False,True,1,1,2,370,370,1,0,0,True,False,False,37.763,DOWN
1,10,1,10,19,6,1,1,0,10,10,1,19,10,10,1,19,22,18.439088914585774,False,False,False,False,True,False,False,True,0,0,0,371,371,None,0,0,True,False,False,38.951,UP
1,5,1,5,19,6,4,1,0,5,15,1,19,5,15,1,19,19,18.027756377319946,False,False,False,False,False,True,False,True,0,0,0,376,376,None,0,0,True,False,False,39.43,RIGHT
15,5,15,5,19,6,2,1,0,5,15,15,5,5,15,15,5,5,4.123105625617661,False,False,False,False,False,True,False,True,0,0,0,390,390,None,0,0,True,False,False,40.886,DOWN
15,9,15,9,19,6,4,1,0,9,11,15,5,9,11,15,5,7,5,False,False,False,False,True,False,False,True,0,0,0,394,394,None,0,0,True,False,False,41.27,RIGHT
19,9,19,9,19,6,1,1,0,9,11,19,1,9,11,19,1,3,3,False,False,False,False,True,False,False,False,0,0,0,398,398,None,0,0,True,False,False,41.678,UP
19,13,19,14,12,12,3,2,1,13,7,19,1,14,6,19,1,8,7.0710678118654755,False,True,False,False,True,False,True,False,0,1,0,413,413,1,0,0,True,False,False,43.262,LEFT
12,13,13,13,12,12,1,2,1,13,7,12,8,13,7,13,7,1,1,False,False,False,True,True,False,False,False,1,0,0,420,420,1,0,0,True,False,False,43.974,UP
12,5,12,7,15,5,4,3,2,5,15,12,8,7,13,12,8,3,3,False,True,False,False,False,False,False,True,0,2,0,427,427,1,0,0,True,False,False,44.782,RIGHT
16,5,13,5,11,13,2,4,3,5,15,16,4,5,15,13,7,13,9.433981132056603,False,False,True,False,False,True,True,False,3,0,0,430,430,1,0,0,True,False,False,45.135,DOWN
16,14,16,11,11,13,3,4,3,14,6,16,4,11,9,16,4,6,5.0990195135927845,True,False,False,False,True,False,True,False,0,3,0,439,439,1,0,0,True,False,False,46.078,LEFT
9,14,12,14,11,13,1,4,3,14,6,9,11,14,6,12,8,3,2.23606797749979,False,False,False,True,True,False,False,True,3,0,0,446,446,1,0,0,True,False,False,46.736,UP
9,10,9,13,11,13,4,4,3,10,10,9,11,13,7,9,11,5,3.605551275463989,False,True,False,False,False,True,False,True,0,3,0,450,450,1,0,0,True,False,False,47.166,RIGHT
11,10,9,11,11,13,2,4,3,10,10,11,9,11,9,9,11,3,3,False,False,True,False,False,True,False,False,2,0,1,452,452,1,0,0,True,False,False,47.366,DOWN
11,13,11,9,16,4,4,5,4,13,7,11,9,9,11,11,9,14,10.295630140987,True,False,False,False,True,False,False,True,0,4,0,554,554,1,0,0,True,False,False,57.716,RIGHT
13,13,11,11,16,4,1,5,4,13,7,13,7,11,9,11,9,12,9.486832980505138,False,False,True,False,True,False,False,True,2,0,1,556,556,1,0,0,True,False,False,57.907,UP
13,4,13,8,16,4,4,5,4,4,16,13,7,8,12,13,7,3,3,False,True,False,False,False,False,False,True,0,4,0,565,565,1,0,0,True,False,False,58.732,RIGHT
0,4,15,4,13,15,2,6,5,4,16,0,20,4,16,15,5,24,17.029386365926403,False,False,True,False,False,True,False,True,5,0,0,571,571,15,0,0,True,False,False,59.444,DOWN
0,9,0,4,13,15,4,6,5,9,11,0,20,4,16,0,20,19,14.317821063276353,True,False,False,False,False,True,False,True,0,5,0,576,576,1,0,0,True,False,False,59.996,RIGHT
5,9,0,9,13,15,2,6,5,9,11,5,15,9,11,0,20,14,10,False,False,True,False,False,True,False,True,5,0,0,581,581,1,0,0,True,False,False,60.492,DOWN
5,16,5,11,13,15,4,6,5,16,4,5,15,11,9,5,15,9,8.06225774829855,True,False,False,False,True,False,False,True,0,5,0,588,588,1,0,0,True,False,False,61.132,RIGHT
12,16,7,16,13,15,1,6,5,16,4,12,8,16,4,7,13,2,1.4142135623730951,False,False,True,False,True,False,False,True,5,0,0,595,595,1,0,0,True,False,False,61.86,UP
12,10,12,15,13,15,4,6,5,10,10,12,8,15,5,12,8,6,5.0990195135927845,False,True,False,False,False,True,False,True,0,5,0,601,601,1,0,0,True,False,False,62.483,RIGHT
15,10,12,12,13,15,2,6,5,10,10,15,5,12,8,12,8,7,5.385164807134504,False,False,True,False,False,True,True,False,3,0,1,604,604,1,0,0,True,False,False,62.778,DOWN
15,15,15,10,13,15,3,6,5,15,5,15,5,10,10,15,5,2,2,True,False,False,False,False,False,True,False,0,5,0,609,609,1,0,0,True,False,False,63.244,LEFT
10,15,15,14,9,9,1,7,6,15,5,10,10,14,6,15,5,7,6.082762530298219,False,False,False,True,True,False,True,False,5,0,1,613,613,1,0,0,True,False,False,63.74,UP
10,9,10,15,9,9,3,7,6,9,11,10,10,15,5,10,10,1,1,False,True,False,False,False,False,True,False,0,6,0,619,619,1,0,0,True,False,False,64.356,LEFT
4,9,10,10,11,7,1,8,7,9,11,4,16,10,10,10,10,9,7.280109889280518,False,False,False,True,True,False,False,True,6,0,1,624,624,1,0,0,True,False,False,64.963,UP
4,7,9,9,11,7,4,8,7,7,13,4,16,9,11,9,11,7,7,False,True,False,False,False,False,False,True,0,2,1,626,626,1,0,0,True,False,False,65.165,RIGHT
11,7,4,8,3,4,2,9,8,7,13,11,9,8,12,4,16,11,8.54400374531753,False,False,True,False,True,False,True,False,7,0,1,632,632,1,0,0,True,False,False,65.852,DOWN
11,11,7,7,3,4,4,9,8,11,9,11,9,7,13,7,13,15,10.63014581273465,True,False,False,False,True,False,True,False,0,4,1,636,636,1,0,0,True,False,False,66.228,RIGHT
15,11,11,7,3,4,1,9,8,11,9,15,5,7,13,11,9,19,13.892443989449804,False,False,True,False,True,False,True,False,4,0,1,640,640,1,0,0,True,False,False,66.692,UP
15,7,11,11,3,4,3,9,8,7,13,15,5,11,9,11,9,15,12.36931687685298,False,True,False,False,True,False,True,False,0,4,1,644,644,1,0,0,True,False,False,67.052,LEFT
4,7,12,7,3,4,1,9,8,7,13,4,16,7,13,12,8,4,3.1622776601683795,False,False,False,True,True,False,True,False,8,0,0,655,655,1,0,0,True,False,False,68.164,UP
4,3,8,7,3,4,3,9,8,3,17,4,16,7,13,8,12,2,1.4142135623730951,False,True,False,False,False,True,True,False,0,4,1,659,659,1,0,0,True,False,False,68.58,LEFT
1,3,5,7,3,4,2,9,8,3,17,1,19,7,13,5,15,3,2.23606797749979,False,False,False,True,False,True,False,True,3,0,2,662,662,1,0,0,True,False,False,68.884,DOWN
1,7,4,4,3,4,4,9,8,7,13,1,19,4,16,4,16,5,3.605551275463989,True,False,False,False,True,False,False,True,0,4,2,666,666,1,0,0,True,False,False,69.316,RIGHT
4,7,2,3,3,4,1,9,8,7,13,4,16,3,17,2,18,4,3.1622776601683795,False,False,True,False,True,False,True,False,3,0,2,669,669,1,0,0,True,False,False,69.564,UP
4,4,1,5,3,4,3,9,8,4,16,4,16,5,15,1,19,1,1,False,True,False,False,False,False,True,False,0,3,2,672,672,1,0,0,True,False,False,69.859,LEFT
12,4,1,4,0,5,2,10,9,4,16,12,8,4,16,1,19,13,12.041594578792296,False,False,False,True,False,True,True,False,9,0,0,683,683,1,0,0,True,False,False,71.02,DOWN
12,6,19,4,0,5,3,10,9,6,14,12,8,4,16,19,1,13,12.041594578792296,True,False,False,False,True,False,True,False,0,2,1,685,685,1,0,0,True,False,False,71.236,LEFT
1,6,10,6,0,5,1,10,9,6,14,1,19,6,14,10,10,2,1.4142135623730951,False,False,False,True,True,False,True,False,9,0,0,696,696,1,0,0,True,False,False,72.381,UP
1,12,1,1,0,5,3,10,9,12,8,1,19,1,19,1,19,8,7.0710678118654755,False,True,False,False,True,False,True,False,0,9,0,710,710,1,0,0,True,False,False,73.746,LEFT
0,12,1,0,0,5,1,10,9,12,8,0,20,0,20,1,19,7,7,False,False,False,True,True,False,False,False,1,0,1,711,711,1,0,0,True,False,False,73.916,UP
0,10,1,18,0,5,4,10,9,10,10,0,20,18,2,1,19,5,5,False,True,False,False,True,False,False,False,0,2,2,713,713,1,0,0,True,False,False,74.108,RIGHT
5,10,1,13,0,5,1,10,9,10,10,5,15,13,7,1,19,10,7.0710678118654755,False,False,True,False,True,False,True,False,5,0,3,718,718,1,0,0,True,False,False,74.548,UP
5,4,2,10,0,5,3,10,9,4,16,5,15,10,10,2,18,6,5.0990195135927845,False,True,False,False,False,True,True,False,0,6,1,724,724,1,0,0,True,False,False,75.156,LEFT
0,4,5,8,0,5,2,10,9,4,16,0,20,8,12,5,15,1,1,False,False,False,True,False,True,False,False,5,0,1,729,729,1,0,0,True,False,False,75.636,DOWN
0,12,2,4,15,15,4,11,10,12,8,0,20,4,16,2,18,18,15.297058540778355,True,False,False,False,False,True,False,True,0,8,1,736,736,1,0,0,True,False,False,76.436,RIGHT
13,10,13,10,1,12,2,1,0,10,10,13,7,10,10,13,7,14,12.165525060596439,False,False,False,False,False,True,True,False,0,0,0,63,63,None,0,0,True,False,False,6.368,DOWN
13,12,13,12,1,12,3,1,0,12,8,13,7,12,8,13,7,12,12,False,False,False,False,False,False,True,False,0,0,0,65,65,None,0,0,True,False,False,6.59,LEFT
2,12,2,12,1,12,1,1,0,12,8,2,18,12,8,2,18,1,1,False,False,False,False,False,False,True,False,0,0,0,76,76,None,0,0,True,False,False,7.686,UP
2,5,2,5,1,12,4,1,0,5,15,2,18,5,15,2,18,8,7.0710678118654755,False,False,False,False,False,True,True,False,0,0,0,83,83,None,0,0,True,False,False,8.391,RIGHT
8,5,8,5,1,12,1,1,0,5,15,8,12,5,15,8,12,14,9.899494936611665,False,False,False,False,False,True,True,False,0,0,0,89,89,None,0,0,True,False,False,8.927,UP
8,0,8,0,1,12,3,1,0,0,20,8,12,0,20,8,12,19,13.892443989449804,False,False,False,False,False,True,True,False,0,0,0,94,94,None,0,0,True,False,False,9.47,LEFT
1,0,1,0,1,12,2,1,0,0,20,1,19,0,20,1,19,12,12,False,False,False,False,False,True,False,False,0,0,0,101,101,None,0,0,True,False,False,10.118,DOWN
1,12,1,11,16,9,4,2,1,12,8,1,19,11,9,1,19,18,15.297058540778355,True,False,False,False,True,False,False,True,0,1,0,112,112,1,0,0,True,False,False,11.342,RIGHT
13,12,12,12,16,9,1,2,1,12,8,13,7,12,8,12,8,6,4.242640687119285,False,False,True,False,True,False,False,True,1,0,0,124,124,1,0,0,True,False,False,12.559,UP
13,7,13,8,16,9,4,2,1,7,13,13,7,8,12,13,7,5,3.605551275463989,False,True,False,False,False,True,False,True,0,1,0,129,129,1,0,0,True,False,False,13.071,RIGHT
17,7,16,7,16,9,2,2,1,7,13,17,3,7,13,16,4,3,2.23606797749979,False,False,True,False,False,True,True,False,1,0,0,133,133,1,0,0,True,False,False,13.423,DOWN
17,11,17,10,16,9,3,2,1,11,9,17,3,10,10,17,3,3,2.23606797749979,True,False,False,False,True,False,True,False,0,1,0,137,137,1,0,0,True,False,False,13.864,LEFT
13,11,14,11,16,9,1,2,1,11,9,13,7,11,9,14,6,5,3.605551275463989,False,False,False,True,True,False,False,True,1,0,0,141,141,1,0,0,True,False,False,14.231,UP
13,8,13,9,16,9,1,2,1,8,12,13,7,9,11,13,7,4,3.1622776601683795,False,True,False,False,False,True,False,True,0,1,0,144,144,1,0,0,True,False,False,14.59,UP
13,6,13,7,16,9,4,2,1,6,14,13,7,7,13,13,7,6,4.242640687119285,False,True,False,False,False,True,False,True,0,1,0,146,146,1,0,0,True,False,False,14.751,RIGHT
17,6,16,6,16,9,2,2,1,6,14,17,3,6,14,16,4,4,3.1622776601683795,False,False,True,False,False,True,True,False,1,0,0,150,150,1,0,0,True,False,False,15.175,DOWN
17,10,17,9,16,9,3,2,1,10,10,17,3,9,11,17,3,2,1.4142135623730951,True,False,False,False,True,False,True,False,0,1,0,154,154,1,0,0,True,False,False,15.542,LEFT
12,10,13,10,16,9,1,2,1,10,10,12,8,10,10,13,7,5,4.123105625617661,False,False,False,True,True,False,False,True,1,0,0,159,159,1,0,0,True,False,False,16.047,UP
12,6,12,7,16,9,4,2,1,6,14,12,8,7,13,12,8,7,5,False,True,False,False,False,True,False,True,0,1,0,163,163,1,0,0,True,False,False,16.406,RIGHT
16,6,15,6,16,9,2,2,1,6,14,16,4,6,14,15,5,3,3,False,False,True,False,False,True,False,False,1,0,0,167,167,1,0,0,True,False,False,16.871,DOWN
16,12,16,10,1,19,3,3,2,12,8,16,4,10,10,16,4,22,16.55294535724685,True,False,False,False,False,True,True,False,0,2,0,172,172,1,0,0,True,False,False,17.415,LEFT
10,12,12,12,1,19,2,3,2,12,8,10,10,12,8,12,8,16,11.40175425099138,False,False,False,True,False,True,True,False,2,0,0,178,178,1,0,0,True,False,False,18.078,DOWN
10,18,10,16,1,19,3,3,2,18,2,10,10,16,4,10,10,10,9.055385138137417,True,False,False,False,False,True,True,False,0,2,0,184,184,1,0,0,True,False,False,18.615,LEFT
0,18,2,18,1,19,2,3,2,18,2,0,20,18,2,2,18,2,1.4142135623730951,False,False,False,True,False,True,False,True,2,0,0,194,194,1,0,0,True,False,False,19.63,DOWN
0,19,1,18,1,19,4,3,2,19,1,0,20,18,2,1,19,1,1,True,False,False,False,False,False,False,True,0,1,1,195,195,1,0,0,True,False,False,19.767,RIGHT
19,10,19,10,11,5,1,1,0,10,10,19,1,10,10,19,1,13,9.433981132056603,False,False,False,False,True,False,True,False,0,0,0,9,9,None,0,0,True,False,False,0.926,UP
19,4,19,4,11,5,3,1,0,4,16,19,1,4,16,19,1,9,8.06225774829855,False,False,False,False,False,True,True,False,0,0,0,15,15,None,0,0,True,False,False,1.597,LEFT
11,4,11,4,11,5,2,1,0,4,16,11,9,4,16,11,9,1,1,False,False,False,False,False,True,False,False,0,0,0,23,23,None,0,0,True,False,False,2.394,DOWN
11,12,11,11,18,9,4,2,1,12,8,11,9,11,9,11,9,10,7.615773105863909,True,False,False,False,True,False,False,True,0,1,0,30,30,1,0,0,True,False,False,3.161,RIGHT
18,12,17,12,18,9,1,2,1,12,8,18,2,12,8,17,3,3,3,False,False,True,False,True,False,False,False,1,0,0,37,37,1,0,0,True,False,False,3.864,UP
18,5,18,7,14,18,3,3,2,5,15,18,2,7,13,18,2,17,13.601470508735444,False,True,False,False,False,True,True,False,0,2,0,43,43,1,0,0,True,False,False,4.557,LEFT
14,5,16,5,14,18,2,3,2,5,15,14,6,5,15,16,4,13,13,False,False,False,True,False,True,False,False,2,0,0,47,47,1,0,0,True,False,False,4.978,DOWN
6,19,3,19,9,3,1,4,3,19,1,6,14,19,1,3,17,19,16.278820596099706,False,False,True,False,True,False,False,True,3,0,0,200,200,1,0,0,True,False,False,20.336,UP
6,3,6,6,9,3,4,4,3,3,17,6,14,6,14,6,14,3,3,False,True,False,False,False,False,False,True,0,3,0,216,216,1,0,0,True,False,False,21.951,RIGHT
14,3,10,3,9,10,2,5,4,3,17,14,6,3,17,10,10,12,8.602325267042627,False,False,True,False,False,True,True,False,4,0,0,223,223,1,0,0,True,False,False,22.719,DOWN
14,9,14,5,9,10,3,5,4,9,11,14,6,5,15,14,6,6,5.0990195135927845,True,False,False,False,False,True,True,False,0,4,0,229,229,1,0,0,True,False,False,23.326,LEFT
9,9,13,9,9,10,2,5,4,9,11,9,11,9,11,13,7,1,1,False,False,False,True,False,True,False,False,4,0,0,234,234,1,0,0,True,False,False,23.894,DOWN
9,14,9,9,1,14,4,6,5,14,6,9,11,9,11,9,11,8,8,True,False,False,False,False,False,True,False,0,5,0,238,238,1,0,0,True,False,False,24.343,RIGHT
14,18,14,15,10,1,3,4,3,18,2,14,6,15,5,14,6,21,17.46424919657298,True,False,False,False,True,False,True,False,0,3,0,59,59,1,0,0,True,False,False,6.313,LEFT
8,18,11,18,10,1,1,4,3,18,2,8,12,18,2,11,9,19,17.11724276862369,False,False,False,True,True,False,False,True,3,0,0,65,65,1,0,0,True,False,False,6.854,UP
8,0,8,3,10,1,1,4,3,0,20,8,12,3,17,8,12,3,2.23606797749979,False,True,False,False,False,True,False,True,0,3,0,83,83,1,0,0,True,False,False,8.683,UP
16,14,11,14,1,14,1,6,5,14,6,16,4,14,6,11,9,15,15,False,False,True,False,False,False,True,False,5,0,0,245,245,1,0,0,True,False,False,25.038,UP
16,11,14,14,1,14,3,6,5,11,9,16,4,14,6,14,6,18,15.297058540778355,False,True,False,False,False,True,True,False,0,3,1,248,248,1,0,0,True,False,False,25.35,LEFT
2,11,7,11,1,14,2,6,5,11,9,2,18,11,9,7,13,4,3.1622776601683795,False,False,False,True,False,True,True,False,5,0,0,262,262,1,0,0,True,False,False,26.743,DOWN
2,15,3,11,1,14,3,6,5,15,5,2,18,11,9,3,17,2,1.4142135623730951,True,False,False,False,True,False,True,False,0,4,1,266,266,1,0,0,True,False,False,27.166,LEFT
19,15,2,13,1,14,1,6,5,15,5,19,1,13,7,2,18,19,18.027756377319946,False,False,False,True,True,False,True,False,3,0,1,269,269,17,0,0,True,False,False,27.487,UP
19,10,19,15,1,14,3,6,5,10,10,19,1,15,5,19,1,22,18.439088914585774,False,True,False,False,False,True,True,False,0,5,0,274,274,1,0,0,True,False,False,27.95,LEFT
13,10,18,10,1,14,2,6,5,10,10,13,7,10,10,18,2,16,12.649110640673518,False,False,False,True,False,True,True,False,5,0,0,280,280,1,0,0,True,False,False,28.542,DOWN
13,14,14,10,1,14,3,6,5,14,6,13,7,10,10,14,6,12,12,True,False,False,False,False,False,True,False,0,4,1,284,284,1,0,0,True,False,False,28.982,LEFT
8,2,8,5,10,1,4,4,3,2,18,8,12,5,15,8,12,3,2.23606797749979,False,True,False,False,True,False,False,True,0,3,0,101,101,1,0,0,True,False,False,10.458,RIGHT
0,2,17,2,10,1,1,4,3,2,18,0,20,2,18,17,3,11,10.04987562112089,False,False,True,False,True,False,False,True,3,0,0,113,113,17,0,0,True,False,False,11.659,UP
0,18,0,1,10,1,4,4,3,18,2,0,20,1,19,0,20,27,19.72308292331602,False,True,False,False,True,False,False,True,0,3,0,117,117,1,0,0,True,False,False,12.074,RIGHT
10,18,7,18,10,1,2,4,3,18,2,10,10,18,2,7,13,17,17,False,False,True,False,True,False,False,False,3,0,0,127,127,1,0,0,True,False,False,13.139,DOWN
10,7,10,3,5,3,3,5,4,7,13,10,10,3,17,10,10,9,6.4031242374328485,True,False,False,False,True,False,True,False,0,4,0,135,135,1,0,0,True,False,False,13.963,LEFT
4,7,8,7,5,3,1,5,4,7,13,4,16,7,13,8,12,5,4.123105625617661,False,False,False,True,True,False,False,True,4,0,0,141,141,1,0,0,True,False,False,14.59,UP
1,14,7,14,16,14,1,7,6,14,6,1,19,14,6,7,13,15,15,False,False,False,True,False,False,False,True,6,0,0,295,295,1,0,0,True,False,False,30.167,UP
1,10,3,14,16,14,4,7,6,10,10,1,19,14,6,3,17,19,15.524174696260024,False,True,False,False,False,True,False,True,0,4,1,299,299,1,0,0,True,False,False,30.55,RIGHT
15,10,9,10,16,14,2,7,6,10,10,15,5,10,10,9,11,5,4.123105625617661,False,False,True,False,False,True,False,True,6,0,0,313,313,1,0,0,True,False,False,31.951,DOWN
15,15,14,10,16,14,4,7,6,15,5,15,5,10,10,14,6,2,1.4142135623730951,True,False,False,False,True,False,False,True,0,5,1,318,318,1,0,0,True,False,False,32.439,RIGHT
18,15,15,12,16,14,1,7,6,15,5,18,2,12,8,15,5,3,2.23606797749979,False,False,True,False,True,False,True,False,3,0,1,321,321,1,0,0,True,False,False,32.71,UP
18,12,15,15,16,14,3,7,6,12,8,18,2,15,5,15,5,4,2.8284271247461903,False,True,False,False,False,True,True,False,0,3,1,324,324,1,0,0,True,False,False,33.038,LEFT
15,12,18,15,16,14,2,7,6,12,8,15,5,15,5,18,2,3,2.23606797749979,False,False,False,True,False,True,False,True,3,0,1,327,327,1,0,0,True,False,False,33.382,DOWN
15,15,18,12,16,14,4,7,6,15,5,15,5,12,8,18,2,2,1.4142135623730951,True,False,False,False,True,False,False,True,0,3,1,330,330,1,0,0,True,False,False,33.646,RIGHT
19,15,15,13,16,14,1,7,6,15,5,19,1,13,7,15,5,4,3.1622776601683795,False,False,True,False,True,False,True,False,4,0,1,334,334,1,0,0,True,False,False,34.022,UP
19,13,15,15,16,14,3,7,6,13,7,19,1,15,5,15,5,4,3.1622776601683795,False,True,False,False,False,True,True,False,0,2,1,336,336,1,0,0,True,False,False,34.294,LEFT
14,13,19,14,16,14,2,7,6,13,7,14,6,14,6,19,1,3,2.23606797749979,False,False,False,True,False,True,False,True,5,0,1,341,341,1,0,0,True,False,False,34.774,DOWN
4,2,4,6,5,3,4,5,4,2,18,4,16,6,14,4,16,2,1.4142135623730951,False,True,False,False,False,True,False,True,0,4,0,146,146,1,0,0,True,False,False,15.108,RIGHT
8,2,4,2,5,3,2,5,4,2,18,8,12,2,18,4,16,4,3.1622776601683795,False,False,True,False,False,True,True,False,4,0,0,150,150,1,0,0,True,False,False,15.532,DOWN
8,6,8,2,5,3,3,5,4,6,14,8,12,2,18,8,12,6,4.242640687119285,True,False,False,False,True,False,True,False,0,4,0,154,154,1,0,0,True,False,False,15.875,LEFT
5,6,8,5,5,3,1,5,4,6,14,5,15,5,15,8,12,3,3,False,False,False,True,True,False,False,False,3,0,1,157,157,1,0,0,True,False,False,16.241,UP
5,19,5,4,11,0,4,6,5,19,1,5,15,4,16,5,15,25,19.924858845171276,False,True,False,False,True,False,False,True,0,5,0,163,163,15,0,0,True,False,False,16.932,RIGHT
11,19,6,19,11,0,2,6,5,19,1,11,9,19,1,6,14,19,19,False,False,True,False,True,False,False,False,5,0,0,169,169,1,0,0,True,False,False,17.543,DOWN
11,17,11,11,0,18,3,7,6,17,3,11,9,11,9,11,9,12,11.045361017187261,True,False,False,False,False,True,True,False,0,6,0,186,186,1,0,0,True,False,False,19.366,LEFT
14,17,16,13,16,14,4,7,6,17,3,14,6,13,7,16,4,5,3.605551275463989,True,False,False,False,True,False,False,True,0,4,1,345,345,1,0,0,True,False,False,35.175,RIGHT
17,17,14,14,16,14,1,7,6,17,3,17,3,14,6,14,6,4,3.1622776601683795,False,False,True,False,True,False,True,False,3,0,1,348,348,1,0,0,True,False,False,35.462,UP
17,12,16,17,16,14,3,7,6,12,8,17,3,17,3,16,4,3,2.23606797749979,False,True,False,False,False,True,True,False,0,5,1,353,353,1,0,0,True,False,False,35.984,LEFT
12,12,17,13,16,14,2,7,6,12,8,12,8,13,7,17,3,6,4.47213595499958,False,False,False,True,False,True,False,True,5,0,1,358,358,1,0,0,True,False,False,36.47,DOWN
12,14,16,12,16,14,4,7,6,14,6,12,8,12,8,16,4,4,4,True,False,False,False,False,False,False,True,0,2,1,360,360,1,0,0,True,False,False,36.687,RIGHT
18,14,12,13,10,11,1,8,7,14,6,18,2,13,7,12,8,11,8.54400374531753,False,False,True,False,True,False,True,False,6,0,1,365,365,1,0,0,True,False,False,37.246,UP
18,11,14,14,10,11,3,8,7,11,9,18,2,14,6,14,6,8,8,False,True,False,False,False,False,True,False,0,3,1,368,368,1,0,0,True,False,False,37.574,LEFT
9,11,17,11,15,19,1,9,8,11,9,9,11,11,9,17,3,14,10,False,False,False,True,False,True,False,True,8,0,0,376,376,1,0,0,True,False,False,38.47,UP
9,7,13,11,15,19,4,9,8,7,13,9,11,11,9,13,7,18,13.416407864998739,False,True,False,False,False,True,False,True,0,4,1,380,380,1,0,0,True,False,False,38.894,RIGHT
13,7,9,11,15,19,2,9,8,7,13,13,7,11,9,9,11,14,12.165525060596439,False,False,True,False,False,True,False,True,4,0,1,384,384,1,0,0,True,False,False,39.263,DOWN
3,17,9,17,0,18,2,7,6,17,3,3,17,17,3,9,11,4,3.1622776601683795,False,False,False,True,False,True,True,False,6,0,0,194,194,1,0,0,True,False,False,20.165,DOWN
3,19,7,17,0,18,3,7,6,19,1,3,17,17,3,7,13,4,3.1622776601683795,True,False,False,False,True,False,True,False,0,2,1,196,196,1,0,0,True,False,False,20.317,LEFT
1,19,5,17,0,18,1,7,6,19,1,1,19,17,3,5,15,2,1.4142135623730951,False,False,False,True,True,False,True,False,2,0,2,198,198,1,0,0,True,False,False,20.535,UP
1,10,1,16,0,18,4,7,6,10,10,1,19,16,4,1,19,9,8.06225774829855,False,True,False,False,False,True,True,False,0,6,0,207,207,1,0,0,True,False,False,21.446,RIGHT
4,10,1,13,0,18,2,7,6,10,10,4,16,13,7,1,19,12,8.94427190999916,False,False,True,False,False,True,True,False,3,0,1,210,210,1,0,0,True,False,False,21.742,DOWN
4,18,4,12,0,18,3,7,6,18,2,4,16,12,8,4,16,4,4,True,False,False,False,False,False,True,False,0,6,0,218,218,1,0,0,True,False,False,22.506,LEFT
12,18,19,18,9,11,1,8,7,18,2,12,8,18,2,19,1,10,7.615773105863909,False,False,False,True,True,False,True,False,7,0,0,229,229,1,0,0,True,False,False,23.691,UP
12,11,12,18,9,11,3,8,7,11,9,12,8,18,2,12,8,3,3,False,True,False,False,False,False,True,False,0,7,0,236,236,1,0,0,True,False,False,24.412,LEFT
13,19,13,11,15,19,4,9,8,19,1,13,7,11,9,13,7,2,2,True,False,False,False,False,False,False,True,0,8,0,396,396,1,0,0,True,False,False,40.446,RIGHT
17,19,13,14,10,9,1,10,9,19,1,17,3,14,6,13,7,17,12.206555615733702,False,False,True,False,True,False,True,False,4,0,1,399,399,1,0,0,True,False,False,40.887,UP
17,8,17,17,10,9,3,10,9,8,12,17,3,17,3,17,3,8,7.0710678118654755,False,True,False,False,False,True,True,False,0,9,0,410,410,1,0,0,True,False,False,41.951,LEFT
10,8,17,10,10,9,2,10,9,8,12,10,10,10,10,17,3,1,1,False,False,False,True,False,True,False,False,7,0,1,417,417,1,0,0,True,False,False,42.648,DOWN
10,13,15,8,7,9,3,11,10,13,7,10,10,8,12,15,5,7,5,True,False,False,False,True,False,True,False,0,5,1,421,421,1,0,0,True,False,False,43.166,LEFT
6,13,11,8,7,9,1,11,10,13,7,6,14,8,12,11,9,5,4.123105625617661,False,False,False,True,True,False,False,True,4,0,2,425,425,1,0,0,True,False,False,43.551,UP
6,9,10,11,7,9,4,11,10,9,11,6,14,11,9,10,10,1,1,False,True,False,False,False,False,False,True,0,4,2,429,429,1,0,0,True,False,False,43.998,RIGHT
13,9,6,13,13,0,1,12,11,9,11,13,7,13,7,6,14,9,9,False,False,True,False,True,False,False,False,7,0,1,435,435,1,0,0,True,False,False,44.631,UP
2,11,10,11,9,4,1,9,8,11,9,2,18,11,9,10,10,14,9.899494936611665,False,False,False,True,True,False,False,True,8,0,0,245,245,1,0,0,True,False,False,25.451,UP
2,3,2,11,9,4,4,9,8,3,17,2,18,11,9,2,18,8,7.0710678118654755,False,True,False,False,False,True,False,True,0,8,0,253,253,1,0,0,True,False,False,26.221,RIGHT
9,3,2,4,9,4,2,9,8,3,17,9,11,4,16,2,18,1,1,False,False,True,False,False,True,False,False,7,0,1,260,260,1,0,0,True,False,False,26.954,DOWN
9,16,9,7,15,17,4,10,9,16,4,9,11,7,13,9,11,7,6.082762530298219,True,False,False,False,False,True,False,True,0,9,0,272,272,1,0,0,True,False,False,28.303,RIGHT
15,16,9,13,15,17,2,10,9,16,4,15,5,13,7,9,11,1,1,False,False,True,False,False,True,False,False,6,0,1,278,278,1,0,0,True,False,False,28.877,DOWN
15,1,10,16,14,3,3,11,10,1,19,15,5,16,4,10,10,3,2.23606797749979,True,False,False,False,False,True,True,False,0,5,1,282,282,1,0,0,True,False,False,29.375,LEFT
13,1,10,9,13,0,3,12,11,1,19,13,7,9,11,10,10,1,1,False,True,False,False,True,False,False,False,0,8,1,443,443,1,0,0,True,False,False,45.463,LEFT
5,1,13,4,13,0,1,12,11,1,19,5,15,4,16,13,7,9,8.06225774829855,False,False,False,True,True,False,False,True,8,0,1,451,451,1,0,0,True,False,False,46.231,UP
5,0,13,3,13,0,4,12,11,0,20,5,15,3,17,13,7,8,8,False,True,False,False,False,False,False,True,0,1,2,452,452,1,0,0,True,False,False,46.327,RIGHT
15,0,6,1,18,11,2,13,12,0,20,15,5,1,19,6,14,14,11.40175425099138,False,False,True,False,False,True,False,True,10,0,2,461,461,1,0,0,True,False,False,47.414,DOWN
15,11,14,0,18,11,4,13,12,11,9,15,5,0,20,14,6,3,3,True,False,False,False,False,False,False,True,0,11,1,472,472,1,0,0,True,False,False,48.447,RIGHT
19,11,15,2,1,19,2,14,13,11,9,19,1,2,18,15,5,26,19.697715603592208,False,False,True,False,False,True,True,False,4,0,1,475,475,1,0,0,True,False,False,48.846,DOWN
19,18,15,9,1,19,3,14,13,18,2,19,1,9,11,15,5,19,18.027756377319946,True,False,False,False,False,True,True,False,0,7,2,482,482,1,0,0,True,False,False,49.559,LEFT
5,1,15,1,14,3,2,11,10,1,19,5,15,1,19,15,5,11,9.219544457292887,False,False,False,True,False,True,False,True,10,0,0,292,292,1,0,0,True,False,False,30.394,DOWN
5,4,12,1,14,3,4,11,10,4,16,5,15,1,19,12,8,10,9.055385138137417,True,False,False,False,True,False,False,True,0,3,1,295,295,1,0,0,True,False,False,30.692,RIGHT
14,4,5,3,14,3,1,11,10,4,16,14,6,3,17,5,15,1,1,False,False,True,False,True,False,False,False,9,0,1,304,304,1,0,0,True,False,False,31.56,UP
14,13,14,4,18,12,4,12,11,13,7,14,6,4,16,14,6,5,4.123105625617661,False,True,False,False,True,False,False,True,0,11,0,314,314,1,0,0,True,False,False,32.708,RIGHT
18,13,14,0,18,12,1,12,11,13,7,18,2,0,20,14,6,1,1,False,False,True,False,True,False,False,False,4,0,1,318,318,1,0,0,True,False,False,33.111,UP
18,7,14,15,1,14,3,13,12,7,13,18,2,15,5,14,6,24,18.384776310850235,False,True,False,False,False,True,True,False,0,6,2,323,323,1,0,0,True,False,False,33.65,LEFT
14,7,16,13,1,14,2,13,12,7,13,14,6,13,7,16,4,20,14.7648230602334,False,False,False,True,False,True,True,False,4,0,2,327,327,1,0,0,True,False,False,34.074,DOWN
14,14,18,8,1,14,3,13,12,14,6,14,6,8,12,18,2,13,13,True,False,False,False,False,False,True,False,0,7,2,334,334,1,0,0,True,False,False,34.764,LEFT
8,18,19,16,1,19,2,14,13,18,2,8,12,16,4,19,1,8,7.0710678118654755,False,False,False,True,False,True,True,False,11,0,1,493,493,1,0,0,True,False,False,50.63,DOWN
8,19,19,17,1,19,4,14,13,19,1,8,12,17,3,19,1,7,7,True,False,False,False,False,False,True,False,0,1,2,494,494,1,0,0,True,False,False,50.782,RIGHT
16,19,12,18,1,19,1,14,13,19,1,16,4,18,2,12,8,15,15,False,False,True,False,False,False,True,False,8,0,2,502,502,1,0,0,True,False,False,51.599,UP
16,16,9,18,1,19,3,14,13,16,4,16,4,18,2,9,11,18,15.297058540778355,False,True,False,False,False,True,True,False,0,3,3,505,505,1,0,0,True,False,False,51.878,LEFT
1,16,14,16,1,19,2,14,13,16,4,1,19,16,4,14,6,3,3,False,False,False,True,False,True,False,False,13,0,0,520,520,1,0,0,True,False,False,53.366,DOWN
1,0,11,16,5,10,4,15,14,0,20,1,19,16,4,11,9,14,10.770329614269007,True,False,False,False,False,True,False,True,0,4,1,523,523,16,0,0,True,False,False,53.751,RIGHT
9,0,3,16,5,10,2,15,14,0,20,9,11,16,4,3,17,14,10.770329614269007,False,False,True,False,False,True,True,False,8,0,2,531,531,1,0,0,True,False,False,54.55,DOWN
1,14,14,14,10,1,1,14,13,14,6,1,19,14,6,14,6,22,15.811388300841896,False,False,False,True,True,False,False,True,13,0,0,346,346,1,0,0,True,False,False,36.123,UP
1,1,1,14,10,1,4,14,13,1,19,1,19,14,6,1,19,9,9,False,True,False,False,False,False,False,True,0,13,0,359,359,1,0,0,True,False,False,37.423,RIGHT
12,1,1,4,10,2,2,15,14,1,19,12,8,4,16,1,19,3,2.23606797749979,False,False,True,False,False,True,True,False,11,0,1,369,369,1,0,0,True,False,False,38.473,DOWN
12,7,4,1,10,2,3,15,14,7,13,12,8,1,19,4,16,7,5.385164807134504,True,False,False,False,True,False,True,False,0,6,1,375,375,1,0,0,True,False,False,39.131,LEFT
5,7,11,1,10,2,1,15,14,7,13,5,15,1,19,11,9,10,7.0710678118654755,False,False,False,True,True,False,False,True,7,0,2,382,382,1,0,0,True,False,False,39.816,UP
9,9,4,0,5,10,3,15,14,9,11,9,11,0,20,4,16,5,4.123105625617661,True,False,False,False,False,True,True,False,0,9,1,540,540,1,0,0,True,False,False,55.478,LEFT
4,9,9,0,5,10,2,15,14,9,11,4,16,0,20,9,11,2,1.4142135623730951,False,False,False,True,False,True,False,True,5,0,1,545,545,1,0,0,True,False,False,55.95,DOWN
4,11,9,2,5,10,4,15,14,11,9,4,16,2,18,9,11,2,1.4142135623730951,True,False,False,False,True,False,False,True,0,2,2,547,547,1,0,0,True,False,False,56.183,RIGHT
11,11,9,9,5,10,1,15,14,11,9,11,9,9,11,9,11,7,6.082762530298219,False,False,True,False,True,False,True,False,7,0,2,554,554,1,0,0,True,False,False,56.878,UP
11,8,6,9,5,10,3,15,14,8,12,11,9,9,11,6,14,8,6.324555320336759,False,True,False,False,False,True,True,False,0,3,3,557,557,1,0,0,True,False,False,57.143,LEFT
6,8,5,11,5,10,2,15,14,8,12,6,14,11,9,5,15,3,2.23606797749979,False,False,False,True,False,True,True,False,5,1,2,562,562,1,0,0,True,False,False,57.638,DOWN
6,10,7,11,5,10,4,15,14,10,10,6,14,11,9,7,13,1,1,True,False,False,False,False,False,True,False,1,2,3,564,564,1,0,0,True,False,False,57.838,RIGHT
5,3,12,4,10,2,4,15,14,3,17,5,15,4,16,12,8,6,5.0990195135927845,False,True,False,False,True,False,False,True,0,4,2,386,386,1,0,0,True,False,False,40.169,RIGHT
9,3,11,7,10,2,1,15,14,3,17,9,11,7,13,11,9,2,1.4142135623730951,False,False,True,False,True,False,False,True,4,1,2,390,390,1,0,0,True,False,False,40.605,UP
9,19,7,7,10,2,4,15,14,19,1,9,11,7,13,7,13,18,17.029386365926403,False,True,False,False,True,False,False,True,0,4,3,394,394,12.165525060596439,0,0,True,False,False,40.983,RIGHT
13,19,5,5,10,2,2,15,14,19,1,13,7,5,15,5,15,20,17.26267650163207,False,False,True,False,True,False,True,False,4,0,3,398,398,1,0,0,True,False,False,41.376,DOWN
13,8,9,0,10,2,3,15,14,8,12,13,7,0,20,9,11,9,6.708203932499369,True,False,False,False,True,False,True,False,0,9,2,407,407,1,0,0,True,False,False,42.348,LEFT
10,8,11,19,10,2,1,15,14,8,12,10,10,19,1,11,9,6,6,False,False,False,True,True,False,False,False,3,0,2,410,410,1,0,0,True,False,False,42.63,UP
10,2,13,2,4,1,3,16,15,2,18,10,10,2,18,13,7,7,6.082762530298219,False,True,False,False,True,False,True,False,1,6,2,415,415,1,0,0,True,False,False,43.229,LEFT
3,2,12,8,4,1,1,16,15,2,18,3,17,8,12,12,8,2,1.4142135623730951,False,False,False,True,True,False,False,True,7,0,2,422,422,1,0,0,True,False,False,43.916,UP
3,17,10,5,4,1,4,16,15,17,3,3,17,5,15,10,10,17,16.0312195418814,False,True,False,False,True,False,False,True,0,5,2,427,427,1,0,0,True,False,False,44.385,RIGHT
8,17,8,2,4,1,1,16,15,17,3,8,12,2,18,8,12,20,16.492422502470642,False,False,True,False,True,False,True,False,5,1,2,432,432,1,0,0,True,False,False,44.935,UP
8,11,3,1,4,1,3,16,15,11,9,8,12,1,19,3,17,14,10.770329614269007,False,True,False,False,True,False,True,False,0,6,2,438,438,1,0,0,True,False,False,45.567,LEFT
3,11,4,17,4,1,1,16,15,11,9,3,17,17,3,4,16,11,10.04987562112089,False,False,False,True,True,False,False,True,5,0,2,443,443,1,0,0,True,False,False,46.024,UP
3,2,8,12,4,1,4,16,15,2,18,3,17,12,8,8,12,2,1.4142135623730951,False,True,False,False,True,False,False,True,0,9,2,452,452,1,0,0,True,False,False,46.906,RIGHT
10,2,3,10,4,1,2,16,15,2,18,10,10,10,10,3,17,7,6.082762530298219,False,False,True,False,True,False,True,False,7,0,1,459,459,1,0,0,True,False,False,47.616,DOWN
10,6,3,6,4,1,3,16,15,6,14,10,10,6,14,3,17,11,7.810249675906654,True,False,False,False,True,False,True,False,1,4,2,463,463,1,0,0,True,False,False,48.016,LEFT
2,6,7,2,4,1,1,16,15,6,14,2,18,2,18,7,13,7,5.385164807134504,False,False,False,True,True,False,False,True,8,0,2,471,471,1,0,0,True,False,False,48.81,UP
2,2,10,3,4,1,4,16,15,2,18,2,18,3,17,10,10,3,2.23606797749979,False,True,False,False,True,False,False,True,0,4,2,475,475,1,0,0,True,False,False,49.285,RIGHT
9,2,6,6,4,1,2,16,15,2,18,9,11,6,14,6,14,6,5.0990195135927845,False,False,True,False,True,False,True,False,7,0,2,482,482,1,0,0,True,False,False,49.962,DOWN
9,6,2,6,4,1,3,16,15,6,14,9,11,6,14,2,18,10,7.0710678118654755,True,False,False,False,True,False,True,False,1,4,2,486,486,1,0,0,True,False,False,50.354,LEFT
0,6,7,2,4,1,1,16,15,6,14,0,20,2,18,7,13,9,6.4031242374328485,False,False,False,True,True,False,False,True,9,0,2,495,495,1,0,0,True,False,False,51.213,UP
0,0,9,6,4,1,4,16,15,0,20,0,20,6,14,9,11,5,4.123105625617661,False,True,False,False,False,True,False,True,0,6,1,501,501,1,0,0,True,False,False,51.819,RIGHT
10,0,0,5,4,1,2,16,15,0,20,10,10,5,15,0,20,7,6.082762530298219,False,False,True,False,False,True,True,False,10,0,1,511,511,1,0,0,True,False,False,52.9,DOWN
10,9,4,0,4,1,3,16,15,9,11,10,10,0,20,4,16,14,10,True,False,False,False,True,False,True,False,0,9,1,520,520,1,0,0,True,False,False,53.737,LEFT
3,9,10,1,4,1,1,16,15,9,11,3,17,1,19,10,10,9,8.06225774829855,False,False,False,True,True,False,False,True,7,0,1,527,527,1,0,0,True,False,False,54.435,UP
3,2,10,8,4,1,4,16,15,2,18,3,17,8,12,10,10,2,1.4142135623730951,False,True,False,False,True,False,False,True,0,7,2,534,534,1,0,0,True,False,False,55.195,RIGHT
9,2,5,9,4,1,2,16,15,2,18,9,11,9,11,5,15,6,5.0990195135927845,False,False,True,False,True,False,True,False,6,0,2,540,540,1,0,0,True,False,False,55.783,DOWN
9,8,3,5,4,1,3,16,15,8,12,9,11,5,15,3,17,12,8.602325267042627,True,False,False,False,True,False,True,False,0,6,2,546,546,1,0,0,True,False,False,56.381,LEFT
2,8,7,2,4,1,1,16,15,8,12,2,18,2,18,7,13,9,7.280109889280518,False,False,False,True,True,False,False,True,7,0,2,553,553,1,0,0,True,False,False,57.133,UP
2,1,9,7,4,1,4,16,15,1,19,2,18,7,13,9,11,2,2,False,True,False,False,False,False,False,True,0,7,2,560,560,1,0,0,True,False,False,57.793,RIGHT
11,1,2,8,13,16,2,17,16,1,19,11,9,8,12,2,18,17,15.132745950421556,False,False,True,False,False,True,False,True,9,0,1,568,568,1,0,0,True,False,False,58.689,DOWN
11,16,10,1,13,16,4,17,16,16,4,11,9,1,19,10,10,2,2,True,False,False,False,False,False,False,True,0,15,1,583,583,1,0,0,True,False,False,60.24,RIGHT
16,16,11,4,15,19,1,18,17,16,4,16,4,4,16,11,9,4,3.1622776601683795,False,False,True,False,False,True,True,False,5,0,1,587,587,1,0,0,True,False,False,60.749,UP
16,7,11,13,15,19,3,18,17,7,13,16,4,13,7,11,9,13,12.041594578792296,False,True,False,False,False,True,True,False,0,9,2,596,596,1,0,0,True,False,False,61.582,LEFT
10,7,14,16,15,19,2,18,17,7,13,10,10,16,4,14,6,17,13,False,False,False,True,False,True,False,True,6,0,2,602,602,1,0,0,True,False,False,62.265,DOWN
10,0,14,7,15,19,4,18,17,0,20,10,10,7,13,14,6,24,19.6468827043885,True,False,False,False,False,True,False,True,0,13,1,615,615,7,0,0,True,False,False,63.526,RIGHT
16,0,10,9,15,19,2,18,17,0,20,16,4,9,11,10,10,20,19.026297590440446,False,False,True,False,False,True,True,False,6,0,1,621,621,1,0,0,True,False,False,64.107,DOWN
16,19,16,2,15,19,3,18,17,19,1,16,4,2,18,16,4,1,1,True,False,False,False,False,False,True,False,0,17,0,640,640,1,0,0,True,False,False,65.979,LEFT
9,19,16,8,15,2,1,19,18,19,1,9,11,8,12,16,4,23,18.027756377319946,False,False,False,True,True,False,False,True,7,0,1,646,646,1,0,0,True,False,False,66.698,UP
9,2,10,19,15,2,4,19,18,2,18,9,11,19,1,10,10,6,6,False,True,False,False,False,False,False,True,0,17,1,663,663,1,0,0,True,False,False,68.454,RIGHT
12,2,9,17,15,2,2,19,18,2,18,12,8,17,3,9,11,3,3,False,False,True,False,False,False,False,True,3,0,1,666,666,1,0,0,True,False,False,68.739,DOWN
12,4,9,15,15,2,3,19,18,4,16,12,8,15,5,9,11,5,3.605551275463989,True,False,False,False,True,False,False,True,1,2,2,668,668,1,0,0,True,False,False,68.968,LEFT
16,10,16,10,10,19,2,1,0,10,10,16,4,10,10,16,4,15,10.816653826391969,False,False,False,False,False,True,True,False,0,0,0,146,146,None,0,0,True,False,False,14.702,DOWN
15,10,15,10,13,15,2,1,0,10,10,15,5,10,10,15,5,7,5.385164807134504,False,False,False,False,False,True,True,False,0,0,0,5,5,None,0,0,True,False,False,0.579,DOWN
15,15,15,15,13,15,3,1,0,15,5,15,5,15,5,15,5,2,2,False,False,False,False,False,False,True,False,0,0,0,10,10,None,0,0,True,False,False,1.056,LEFT
9,15,10,15,13,4,1,2,1,15,5,9,11,15,5,10,10,15,11.704699910719626,False,False,False,True,True,False,False,True,1,0,0,15,15,1,0,0,True,False,False,1.614,UP
9,6,9,7,13,4,4,2,1,6,14,9,11,7,13,9,11,6,4.47213595499958,False,True,False,False,True,False,False,True,0,1,0,24,24,1,0,0,True,False,False,2.606,RIGHT
13,6,12,6,13,4,1,2,1,6,14,13,7,6,14,12,8,2,2,False,False,True,False,True,False,False,False,1,0,0,28,28,1,0,0,True,False,False,2.926,UP
13,1,13,3,19,11,3,3,2,1,19,13,7,3,17,13,7,16,11.661903789690601,False,True,False,False,False,True,False,True,0,2,0,32,32,1,0,0,True,False,False,3.432,LEFT
11,1,13,1,19,11,2,3,2,1,19,11,9,1,19,13,7,18,12.806248474865697,False,False,False,True,False,True,False,True,2,0,0,34,34,1,0,0,True,False,False,3.696,DOWN
11,5,11,3,19,11,4,3,2,5,15,11,9,3,17,11,9,14,10,True,False,False,False,False,True,False,True,0,2,0,38,38,1,0,0,True,False,False,4.109,RIGHT
18,5,16,5,19,11,2,3,2,5,15,18,2,5,15,16,4,7,6.082762530298219,False,False,True,False,False,True,False,True,2,0,0,45,45,1,0,0,True,False,False,4.777,DOWN
16,15,16,15,10,19,3,1,0,15,5,16,4,15,5,16,4,10,7.211102550927978,False,False,False,False,False,True,True,False,0,0,0,151,151,None,0,0,True,False,False,15.14,LEFT
10,15,10,15,10,19,2,1,0,15,5,10,10,15,5,10,10,4,4,False,False,False,False,False,True,False,False,0,0,0,157,157,None,0,0,True,False,False,15.813,DOWN
10,19,10,18,13,15,4,2,1,19,1,10,10,18,2,10,10,7,5,True,False,False,False,True,False,False,True,0,1,0,160,160,1,0,0,True,False,False,16.165,RIGHT
14,19,13,19,13,15,1,2,1,19,1,14,6,19,1,13,7,5,4.123105625617661,False,False,True,False,True,False,True,False,1,0,0,164,164,1,0,0,True,False,False,16.597,UP
14,15,14,16,13,15,3,2,1,15,5,14,6,16,4,14,6,1,1,False,True,False,False,False,False,True,False,0,1,0,168,168,1,0,0,True,False,False,17.005,LEFT
9,15,11,15,17,5,1,3,2,15,5,9,11,15,5,11,9,18,12.806248474865697,False,False,False,True,True,False,False,True,2,0,0,172,172,1,0,0,True,False,False,17.477,UP
9,5,9,7,17,5,4,3,2,5,15,9,11,7,13,9,11,8,8,False,True,False,False,False,False,False,True,0,2,0,182,182,1,0,0,True,False,False,18.477,RIGHT
17,5,14,5,12,6,2,4,3,5,15,17,3,5,15,14,6,6,5.0990195135927845,False,False,True,False,False,True,True,False,3,0,0,189,189,1,0,0,True,False,False,19.246,DOWN
17,9,17,6,12,6,3,4,3,9,11,17,3,6,14,17,3,8,5.830951894845301,True,False,False,False,True,False,True,False,0,3,0,193,193,1,0,0,True,False,False,19.637,LEFT
18,9,18,7,19,11,4,3,2,9,11,18,2,7,13,18,2,3,2.23606797749979,True,False,False,False,False,True,False,True,0,2,0,49,49,1,0,0,True,False,False,5.201,RIGHT
0,9,18,9,19,11,2,3,2,9,11,0,20,9,11,18,2,21,19.1049731745428,False,False,True,False,False,True,False,True,2,0,0,51,51,18,0,0,True,False,False,5.414,DOWN
0,17,0,15,19,11,3,3,2,17,3,0,20,15,5,0,20,25,19.924858845171276,True,False,False,False,True,False,False,True,0,2,0,59,59,1,0,0,True,False,False,6.174,LEFT
15,17,17,17,19,11,1,3,2,17,3,15,5,17,3,17,3,10,7.211102550927978,False,False,False,True,True,False,False,True,2,0,0,64,64,1,0,0,True,False,False,6.622,UP
15,11,15,13,19,11,4,3,2,11,9,15,5,13,7,15,5,4,4,False,True,False,False,False,False,False,True,0,2,0,70,70,1,0,0,True,False,False,7.3,RIGHT
18,11,15,11,19,0,1,4,3,11,9,18,2,11,9,15,5,12,11.045361017187261,False,False,True,False,True,False,False,True,3,0,0,92,92,1,0,0,True,False,False,9.597,UP
12,9,15,9,12,6,1,4,3,9,11,12,8,9,11,15,5,3,3,False,False,False,True,True,False,False,False,3,0,0,198,198,1,0,0,True,False,False,20.126,UP
12,3,12,7,4,8,3,5,4,3,17,12,8,7,13,12,8,13,9.433981132056603,False,True,False,False,False,True,True,False,0,4,0,203,203,1,0,0,True,False,False,20.757,LEFT
4,3,8,3,4,8,2,5,4,3,17,4,16,3,17,8,12,5,5,False,False,False,True,False,True,False,False,4,0,0,211,211,1,0,0,True,False,False,21.533,DOWN
4,9,4,4,12,4,4,6,5,9,11,4,16,4,16,4,16,13,9.433981132056603,True,False,False,False,True,False,False,True,0,5,0,216,216,1,0,0,True,False,False,22.157,RIGHT
11,9,6,9,12,4,1,6,5,9,11,11,9,9,11,6,14,6,5.0990195135927845,False,False,True,False,True,False,False,True,5,0,0,223,223,1,0,0,True,False,False,22.861,UP
11,4,11,9,12,4,4,6,5,4,16,11,9,9,11,11,9,1,1,False,True,False,False,False,False,False,True,0,5,0,228,228,1,0,0,True,False,False,23.341,RIGHT
15,4,11,6,13,17,2,7,6,4,16,15,5,6,14,11,9,15,13.152946437965905,False,False,True,False,False,True,True,False,4,0,1,231,231,1,0,0,True,False,False,23.79,DOWN
18,1,18,4,19,0,4,4,3,1,19,18,2,4,16,18,2,2,1.4142135623730951,False,True,False,False,True,False,False,True,0,3,0,102,102,1,0,0,True,False,False,10.631,RIGHT
18,1,15,1,19,0,1,4,3,1,19,18,2,1,19,15,5,2,1.4142135623730951,False,False,True,False,True,False,False,True,3,0,0,122,122,1,0,0,True,False,False,12.631,UP
18,1,18,4,19,0,4,4,3,1,19,18,2,4,16,18,2,2,1.4142135623730951,False,True,False,False,True,False,False,True,0,3,0,142,142,1,0,0,True,False,False,14.647,RIGHT
15,17,15,11,13,17,3,7,6,17,3,15,5,11,9,15,5,2,2,True,False,False,False,False,False,True,False,0,6,0,244,244,1,0,0,True,False,False,25.062,LEFT
9,17,15,16,19,18,1,8,7,17,3,9,11,16,4,15,5,11,10.04987562112089,False,False,False,True,False,True,False,True,6,0,1,249,249,1,0,0,True,False,False,25.702,UP
9,13,12,17,19,18,4,8,7,13,7,9,11,17,3,12,8,15,11.180339887498949,False,True,False,False,False,True,False,True,0,4,1,253,253,1,0,0,True,False,False,26.014,RIGHT
18,13,11,13,19,18,2,8,7,13,7,18,2,13,7,11,9,6,5.0990195135927845,False,False,True,False,False,True,False,True,7,0,0,262,262,1,0,0,True,False,False,26.998,DOWN
18,18,16,13,19,18,4,8,7,18,2,18,2,13,7,16,4,1,1,True,False,False,False,False,False,False,True,0,5,1,267,267,1,0,0,True,False,False,27.422,RIGHT
0,18,17,13,18,19,1,9,8,18,2,0,20,13,7,17,3,19,18.027756377319946,False,False,True,False,False,True,False,True,2,0,2,268,268,17.72004514666935,0,0,True,False,False,27.646,UP
0,11,19,18,18,19,4,9,8,11,9,0,20,18,2,19,1,26,19.697715603592208,False,True,False,False,False,True,False,True,0,7,1,275,275,1,0,0,True,False,False,28.367,RIGHT
15,11,7,11,18,19,2,9,8,11,9,15,5,11,9,7,13,11,8.54400374531753,False,False,True,False,False,True,False,True,8,0,0,290,290,1,0,0,True,False,False,29.879,DOWN
19,1,16,1,19,0,1,4,3,1,19,19,1,1,19,16,4,1,1,False,False,True,False,True,False,False,False,3,0,0,163,163,1,0,0,True,False,False,16.736,UP
19,1,19,5,9,2,3,5,4,1,19,19,1,5,15,19,1,11,10.04987562112089,False,True,False,False,False,True,True,False,0,4,0,182,182,1,0,0,True,False,False,18.667,LEFT
10,1,14,1,9,2,2,5,4,1,19,10,10,1,19,14,6,2,1.4142135623730951,False,False,False,True,False,True,True,False,4,0,0,191,191,1,0,0,True,False,False,19.667,DOWN
15,18,14,11,18,19,4,9,8,18,2,15,5,11,9,14,6,4,3.1622776601683795,True,False,False,False,False,True,False,True,0,7,1,297,297,1,0,0,True,False,False,30.582,RIGHT
0,18,15,15,18,19,2,9,8,18,2,0,20,15,5,15,5,19,18.027756377319946,False,False,True,False,False,True,False,True,5,0,1,302,302,15,0,0,True,False,False,31.038,DOWN
0,19,15,16,18,19,3,9,8,19,1,0,20,16,4,15,5,18,18,True,False,False,False,False,False,False,True,0,1,2,303,303,1,0,0,True,False,False,31.196,LEFT
13,19,19,18,16,7,1,10,9,19,1,13,7,18,2,19,1,15,12.36931687685298,False,False,False,True,True,False,False,True,7,0,2,309,309,1,0,0,True,False,False,31.894,UP
13,15,18,19,16,7,4,10,9,15,5,13,7,19,1,18,2,11,8.54400374531753,False,True,False,False,True,False,False,True,0,4,1,313,313,1,0,0,True,False,False,32.215,RIGHT
16,15,15,19,16,7,1,10,9,15,5,16,4,19,1,15,5,8,8,False,False,True,False,True,False,False,False,3,0,2,316,316,1,0,0,True,False,False,32.575,UP
16,7,14,15,9,17,3,11,10,7,13,16,4,15,5,14,6,17,12.206555615733702,False,True,False,False,False,True,True,False,0,8,1,323,323,1,0,0,True,False,False,33.35,LEFT
11,7,16,12,9,17,2,11,10,7,13,11,9,12,8,16,4,12,10.198039027185569,False,False,False,True,False,True,True,False,5,0,1,328,328,1,0,0,True,False,False,33.894,DOWN
11,17,11,7,9,17,3,11,10,17,3,11,9,7,13,11,9,2,2,True,False,False,False,False,False,True,False,0,10,0,338,338,1,0,0,True,False,False,34.854,LEFT
10,8,10,4,9,2,3,5,4,8,12,10,10,4,16,10,10,7,6.082762530298219,True,False,False,False,True,False,True,False,0,4,0,198,198,1,0,0,True,False,False,20.309,LEFT
7,8,10,7,9,2,1,5,4,8,12,7,13,7,13,10,10,8,6.324555320336759,False,False,False,True,True,False,False,True,3,0,1,201,201,1,0,0,True,False,False,20.642,UP
7,2,7,6,9,2,4,5,4,2,18,7,13,6,14,7,13,2,2,False,True,False,False,False,False,False,True,0,4,0,207,207,1,0,0,True,False,False,21.268,RIGHT
16,2,11,2,16,1,1,6,5,2,18,16,4,2,18,11,9,1,1,False,False,True,False,True,False,False,False,5,0,0,215,215,1,0,0,True,False,False,22.122,UP
16,16,16,2,8,16,3,7,6,16,4,16,4,2,18,16,4,8,8,False,True,False,False,False,False,True,False,0,6,0,220,220,1,0,0,True,False,False,22.779,LEFT
9,16,15,16,8,16,1,7,6,16,4,9,11,16,4,15,5,1,1,False,False,False,True,False,False,True,False,6,0,0,227,227,1,0,0,True,False,False,23.49,UP
9,9,9,15,8,16,3,7,6,9,11,9,11,15,5,9,11,8,7.0710678118654755,False,True,False,False,False,True,True,False,0,6,0,234,234,1,0,0,True,False,False,24.129,LEFT
6,9,9,12,8,16,2,7,6,9,11,6,14,12,8,9,11,9,7.280109889280518,False,False,False,True,False,True,False,True,3,0,1,237,237,1,0,0,True,False,False,24.404,DOWN
3,17,11,14,16,19,1,12,11,17,3,3,17,14,6,11,9,15,13.152946437965905,False,False,False,True,False,True,False,True,8,0,1,345,345,1,0,0,True,False,False,35.615,UP
3,12,9,17,16,19,4,12,11,12,8,3,17,17,3,9,11,20,14.7648230602334,False,True,False,False,False,True,False,True,0,5,1,350,350,1,0,0,True,False,False,36.182,RIGHT
8,12,4,17,16,19,2,12,11,12,8,8,12,17,3,4,16,15,10.63014581273465,False,False,True,False,False,True,False,True,5,0,2,355,355,1,0,0,True,False,False,36.704,DOWN
8,18,3,12,16,19,4,12,11,18,2,8,12,12,8,3,17,9,8.06225774829855,True,False,False,False,False,True,False,True,0,6,1,361,361,1,0,0,True,False,False,37.302,RIGHT
17,18,8,16,16,19,2,12,11,18,2,17,3,16,4,8,12,2,1.4142135623730951,False,False,True,False,False,True,True,False,9,0,1,370,370,1,0,0,True,False,False,38.151,DOWN
17,0,8,18,16,19,3,12,11,0,20,17,3,18,2,8,12,20,19.026297590440446,True,False,False,False,False,True,True,False,0,2,1,372,372,18,0,0,True,False,False,38.326,LEFT
10,0,15,18,16,19,2,12,11,0,20,10,10,18,2,15,5,25,19.924858845171276,False,False,False,True,False,True,False,True,7,0,2,379,379,1,0,0,True,False,False,39.023,DOWN
6,15,6,9,8,16,4,7,6,15,5,6,14,9,11,6,14,3,2.23606797749979,True,False,False,False,False,True,False,True,0,6,0,243,243,1,0,0,True,False,False,25.062,RIGHT
11,15,6,14,8,16,2,7,6,15,5,11,9,14,6,6,14,4,3.1622776601683795,False,False,True,False,False,True,True,False,5,0,1,248,248,1,0,0,True,False,False,25.609,DOWN
11,0,10,15,8,16,3,7,6,0,20,11,9,15,5,10,10,19,16.278820596099706,True,False,False,False,False,True,True,False,0,5,1,253,253,15,0,0,True,False,False,26.038,LEFT
5,0,11,0,8,16,2,7,6,0,20,5,15,0,20,11,9,19,16.278820596099706,False,False,False,True,False,True,False,True,6,0,0,259,259,1,0,0,True,False,False,26.669,DOWN
5,17,5,11,8,16,4,7,6,17,3,5,15,11,9,5,15,4,3.1622776601683795,True,False,False,False,True,False,False,True,0,6,0,276,276,1,0,0,True,False,False,28.387,RIGHT
8,17,5,14,8,16,1,7,6,17,3,8,12,14,6,5,15,1,1,False,False,True,False,True,False,False,False,3,0,1,279,279,1,0,0,True,False,False,28.676,UP
8,11,7,17,0,12,3,8,7,11,9,8,12,17,3,7,13,9,8.06225774829855,False,True,False,False,False,True,True,False,0,6,1,284,284,1,0,0,True,False,False,29.252,LEFT
10,19,10,8,16,19,4,12,11,19,1,10,10,8,12,10,10,6,6,True,False,False,False,False,False,False,True,0,11,0,398,398,1,0,0,True,False,False,40.934,RIGHT
16,19,10,13,8,16,1,13,12,19,1,16,4,13,7,10,10,11,8.54400374531753,False,False,True,False,True,False,True,False,6,0,1,403,403,1,0,0,True,False,False,41.606,UP
16,15,10,17,8,16,3,13,12,15,5,16,4,17,3,10,10,9,8.06225774829855,False,True,False,False,False,True,True,False,0,4,2,407,407,1,0,0,True,False,False,41.984,LEFT
11,15,13,19,8,16,2,13,12,15,5,11,9,19,1,13,7,4,3.1622776601683795,False,False,False,True,False,True,True,False,5,0,2,412,412,1,0,0,True,False,False,42.479,DOWN
11,17,15,19,8,16,3,13,12,17,3,11,9,19,1,15,5,4,3.1622776601683795,True,False,False,False,True,False,True,False,1,2,3,414,414,1,0,0,True,False,False,42.662,LEFT
9,17,16,18,8,16,3,13,12,17,3,9,11,18,2,16,4,2,1.4142135623730951,False,False,False,True,True,False,True,False,3,0,3,416,416,1,0,0,True,False,False,42.87,LEFT
6,17,16,15,8,16,1,13,12,17,3,6,14,15,5,16,4,3,2.23606797749979,False,False,False,True,True,False,False,True,5,0,2,419,419,1,0,0,True,False,False,43.206,UP
6,11,11,16,8,16,4,13,12,11,9,6,14,16,4,11,9,7,5.385164807134504,False,True,False,False,False,True,False,True,0,6,2,425,425,1,0,0,True,False,False,43.75,RIGHT
8,11,10,17,8,16,2,13,12,11,9,8,12,17,3,10,10,5,5,False,False,True,False,False,True,False,False,2,1,2,427,427,1,0,0,True,False,False,43.926,DOWN
8,16,6,17,19,10,4,14,13,16,4,8,12,17,3,6,14,17,12.529964086141668,True,False,False,False,True,False,False,True,1,5,2,431,431,1,0,0,True,False,False,44.454,RIGHT
13,16,6,12,19,10,1,14,13,16,4,13,7,12,8,6,14,12,8.48528137423857,False,False,True,False,True,False,False,True,5,0,3,436,436,1,0,0,True,False,False,45.006,UP
0,11,7,11,0,12,2,8,7,11,9,0,20,11,9,7,13,1,1,False,False,False,True,False,True,False,False,7,0,0,292,292,1,0,0,True,False,False,30.093,DOWN
0,17,2,11,16,17,4,9,8,17,3,0,20,11,9,2,18,16,16,True,False,False,False,False,False,False,True,0,6,1,297,297,1,0,0,True,False,False,30.71,RIGHT
16,17,7,17,8,8,1,10,9,17,3,16,4,17,3,7,13,17,12.041594578792296,False,False,True,False,True,False,True,False,9,0,0,312,312,1,0,0,True,False,False,32.315,UP
16,8,16,17,8,8,3,10,9,8,12,16,4,17,3,16,4,8,8,False,True,False,False,False,False,True,False,0,9,0,321,321,1,0,0,True,False,False,33.163,LEFT
4,8,14,8,5,13,2,11,10,8,12,4,16,8,12,14,6,6,5.0990195135927845,False,False,False,True,False,True,False,True,10,0,0,332,332,1,0,0,True,False,False,34.362,DOWN
4,12,10,8,5,13,4,11,10,12,8,4,16,8,12,10,10,2,1.4142135623730951,True,False,False,False,False,True,False,True,0,4,1,336,336,1,0,0,True,False,False,34.838,RIGHT
13,9,8,15,19,10,4,14,13,9,11,13,7,15,5,8,12,7,6.082762530298219,False,True,False,False,False,True,False,True,0,7,2,443,443,1,0,0,True,False,False,45.622,RIGHT
19,9,13,16,19,10,2,14,13,9,11,19,1,16,4,13,7,1,1,False,False,True,False,False,True,False,False,6,0,1,449,449,1,0,0,True,False,False,46.248,DOWN
19,17,13,9,18,17,3,15,14,17,3,19,1,9,11,13,7,1,1,True,False,False,False,False,False,True,False,0,8,1,456,456,1,0,0,True,False,False,47.022,LEFT
11,17,19,10,11,6,1,16,15,17,3,11,9,10,10,19,1,11,11,False,False,False,True,True,False,False,False,8,0,1,463,463,1,0,0,True,False,False,47.862,UP
11,5,15,17,17,12,3,17,16,5,15,11,9,17,3,15,5,13,9.219544457292887,False,True,False,False,False,True,False,True,0,12,1,474,474,1,0,0,True,False,False,49.094,LEFT
11,12,4,9,5,13,2,11,10,12,8,11,9,9,11,4,16,7,6.082762530298219,False,False,True,False,False,True,True,False,7,0,1,343,343,1,0,0,True,False,False,35.469,DOWN
11,17,6,12,5,13,3,11,10,17,3,11,9,12,8,6,14,10,7.211102550927978,True,False,False,False,True,False,True,False,0,5,1,348,348,1,0,0,True,False,False,36.015,LEFT
4,17,11,14,5,13,1,11,10,17,3,4,16,14,6,11,9,5,4.123105625617661,False,False,False,True,True,False,False,True,7,0,1,355,355,1,0,0,True,False,False,36.714,UP
4,12,9,17,5,13,4,11,10,12,8,4,16,17,3,9,11,2,1.4142135623730951,False,True,False,False,False,True,False,True,0,5,1,360,360,1,0,0,True,False,False,37.157,RIGHT
11,12,4,15,5,13,2,11,10,12,8,11,9,15,5,4,16,7,6.082762530298219,False,False,True,False,False,True,True,False,7,0,1,367,367,1,0,0,True,False,False,37.871,DOWN
11,16,5,12,5,13,3,11,10,16,4,11,9,12,8,5,15,9,6.708203932499369,True,False,False,False,True,False,True,False,0,4,1,371,371,1,0,0,True,False,False,38.287,LEFT
5,16,11,12,5,13,1,11,10,16,4,5,15,12,8,11,9,3,3,False,False,False,True,True,False,False,False,6,0,1,377,377,1,0,0,True,False,False,38.945,UP
1,5,11,11,17,12,1,17,16,5,15,1,19,11,9,11,9,23,17.46424919657298,False,False,False,True,False,True,False,True,10,0,1,484,484,1,0,0,True,False,False,50.087,UP
1,2,11,8,17,12,4,17,16,2,18,1,19,8,12,11,9,26,18.867962264113206,False,True,False,False,False,True,False,True,0,3,2,487,487,1,0,0,True,False,False,50.39,RIGHT
18,2,2,2,17,12,2,17,16,2,18,18,2,2,18,2,18,11,10.04987562112089,False,False,True,False,False,True,True,False,16,0,0,504,504,1,0,0,True,False,False,52.078,DOWN
18,13,13,2,17,12,3,17,16,13,7,18,2,2,18,13,7,2,1.4142135623730951,True,False,False,False,True,False,True,False,0,11,1,515,515,1,0,0,True,False,False,53.198,LEFT
11,13,18,4,17,12,1,17,16,13,7,11,9,4,16,18,2,7,6.082762530298219,False,False,False,True,True,False,False,True,7,0,1,522,522,1,0,0,True,False,False,53.894,UP
11,8,18,9,17,12,4,17,16,8,12,11,9,9,11,18,2,10,7.211102550927978,False,True,False,False,False,True,False,True,0,5,2,527,527,1,0,0,True,False,False,54.327,RIGHT
16,8,17,13,17,12,2,17,16,8,12,16,4,13,7,17,3,5,4.123105625617661,False,False,True,False,False,True,False,True,5,1,2,532,532,1,0,0,True,False,False,54.878,DOWN
5,5,6,16,10,2,4,13,12,5,15,5,15,16,4,6,14,8,5.830951894845301,False,True,False,False,True,False,False,True,0,11,1,386,386,1,0,0,True,False,False,40.036,RIGHT
10,5,5,12,10,2,1,13,12,5,15,10,10,12,8,5,15,3,3,False,False,True,False,True,False,False,False,5,0,1,391,391,1,0,0,True,False,False,40.554,UP
10,19,5,7,6,9,3,14,13,19,1,10,10,7,13,5,15,14,10.770329614269007,False,True,False,False,True,False,True,False,0,6,2,396,396,13,0,0,True,False,False,41.138,LEFT
4,19,9,5,6,9,1,14,13,19,1,4,16,5,15,9,11,12,10.198039027185569,False,False,False,True,True,False,False,True,6,0,2,402,402,1,0,0,True,False,False,41.702,UP
4,9,7,19,6,9,4,14,13,9,11,4,16,19,1,7,13,2,2,False,True,False,False,False,False,False,True,0,10,1,412,412,1,0,0,True,False,False,42.725,RIGHT
10,9,4,17,1,13,2,15,14,9,11,10,10,17,3,4,16,13,9.848857801796104,False,False,True,False,False,True,True,False,6,0,1,417,417,1,0,0,True,False,False,43.299,DOWN
10,14,4,12,1,13,3,15,14,14,6,10,10,12,8,4,16,10,9.055385138137417,True,False,False,False,True,False,True,False,0,5,2,422,422,1,0,0,True,False,False,43.863,LEFT
1,14,10,9,1,13,1,15,14,14,6,1,19,9,11,10,10,1,1,False,False,False,True,True,False,False,False,9,0,1,431,431,1,0,0,True,False,False,44.725,UP
16,12,13,13,17,12,4,17,16,12,8,16,4,13,7,13,7,1,1,True,False,False,False,False,False,False,True,1,4,3,536,536,1,0,0,True,False,False,55.302,RIGHT
0,12,11,12,16,16,1,18,17,12,8,0,20,12,8,11,9,20,16.492422502470642,False,False,True,False,False,True,False,True,5,0,3,539,539,11,0,0,True,False,False,55.686,UP
0,7,12,8,16,16,4,18,17,7,13,0,20,8,12,12,8,25,18.35755975068582,False,True,False,False,False,True,False,True,0,5,3,544,544,1,0,0,True,False,False,56.166,RIGHT
4,7,16,8,16,16,2,18,17,7,13,4,16,8,12,16,4,21,15,False,False,True,False,False,True,False,True,4,0,3,548,548,1,0,0,True,False,False,56.542,DOWN
4,15,0,12,16,16,4,18,17,15,5,4,16,12,8,0,20,13,12.041594578792296,True,False,False,False,False,True,False,True,0,8,2,556,556,1,0,0,True,False,False,57.334,RIGHT
12,15,3,7,16,16,2,18,17,15,5,12,8,7,13,3,17,5,4.123105625617661,False,False,True,False,False,True,False,True,8,0,2,564,564,1,0,0,True,False,False,58.15,DOWN
12,17,4,8,16,16,4,18,17,17,3,12,8,8,12,4,16,5,4.123105625617661,True,False,False,False,True,False,False,True,0,2,2,566,566,1,0,0,True,False,False,58.326,RIGHT
16,17,4,12,16,16,1,18,17,17,3,16,4,12,8,4,16,1,1,False,False,True,False,True,False,False,False,4,0,3,570,570,1,0,0,True,False,False,58.766,UP
16,12,5,15,10,11,3,19,18,12,8,16,4,15,5,5,15,7,6.082762530298219,False,True,False,False,True,False,True,False,0,5,3,574,574,1,0,0,True,False,False,59.302,LEFT
10,12,11,15,10,11,1,19,18,12,8,10,10,15,5,11,9,1,1,False,False,False,True,True,False,False,False,6,0,4,580,580,1,0,0,True,False,False,59.846,UP
1,6,8,14,12,14,4,16,15,6,14,1,19,14,6,8,12,19,13.601470508735444,False,True,False,False,False,True,False,True,0,8,1,438,438,1,0,0,True,False,False,45.502,RIGHT
11,6,1,11,12,14,2,16,15,6,14,11,9,11,9,1,19,9,8.06225774829855,False,False,True,False,False,True,False,True,10,0,1,448,448,1,0,0,True,False,False,46.583,DOWN
11,14,4,6,12,14,4,16,15,14,6,11,9,6,14,4,16,1,1,True,False,False,False,False,False,False,True,0,8,1,456,456,1,0,0,True,False,False,47.388,RIGHT
16,14,8,6,5,18,1,17,16,14,6,16,4,6,14,8,12,15,11.704699910719626,False,False,True,False,False,True,True,False,5,0,2,460,460,1,0,0,True,False,False,47.849,UP
16,6,11,11,5,18,3,17,16,6,14,16,4,11,9,11,9,23,16.278820596099706,False,True,False,False,False,True,True,False,0,8,2,468,468,1,0,0,True,False,False,48.683,LEFT
10,6,14,14,5,18,2,17,16,6,14,10,10,14,6,14,6,17,13,False,False,False,True,False,True,True,False,6,0,2,474,474,1,0,0,True,False,False,49.242,DOWN
10,8,12,17,18,14,4,20,19,8,12,10,10,17,3,12,8,14,10,False,True,False,False,False,True,False,True,0,4,3,583,583,1,0,0,True,False,False,60.31,RIGHT
17,8,16,14,18,14,2,20,19,8,12,17,3,14,6,16,4,7,6.082762530298219,False,False,True,False,False,True,False,True,7,0,3,590,590,1,0,0,True,False,False,60.934,DOWN
17,14,12,12,18,14,4,20,19,14,6,17,3,12,8,12,8,1,1,True,False,False,False,False,False,False,True,0,6,3,596,596,1,0,0,True,False,False,61.566,RIGHT
19,14,11,12,17,6,1,21,20,14,6,19,1,12,8,11,9,10,8.246211251235321,False,False,True,False,True,False,True,False,2,0,4,597,597,1,0,0,True,False,False,61.774,UP
19,7,12,8,17,6,3,21,20,7,13,19,1,8,12,12,8,3,2.23606797749979,False,True,False,False,True,False,True,False,0,7,3,604,604,1,0,0,True,False,False,62.487,LEFT
15,7,16,8,17,6,1,21,20,7,13,15,5,8,12,16,4,3,2.23606797749979,False,False,False,True,True,False,False,True,4,0,4,608,608,1,0,0,True,False,False,62.886,UP
15,1,17,13,17,6,4,21,20,1,19,15,5,13,7,17,3,7,5.385164807134504,False,True,False,False,False,True,False,True,0,6,4,614,614,1,0,0,True,False,False,63.486,RIGHT
19,1,19,13,17,6,2,21,20,1,19,19,1,13,7,19,1,7,5.385164807134504,False,False,True,False,False,True,True,False,4,7,3,618,618,1,0,0,True,False,False,63.823,DOWN
19,5,19,9,17,6,3,21,20,5,15,19,1,9,11,19,1,3,2.23606797749979,True,False,False,False,False,True,True,False,1,7,4,622,622,1,0,0,True,False,False,64.224,LEFT
10,18,14,6,5,18,3,17,16,18,2,10,10,6,14,14,6,5,5,True,False,False,False,False,False,True,False,0,12,1,486,486,1,0,0,True,False,False,50.462,LEFT
4,18,10,7,11,1,1,18,17,18,2,4,16,7,13,10,10,24,18.384776310850235,False,False,False,True,True,False,False,True,6,0,1,491,491,1,0,0,True,False,False,51.103,UP
4,1,4,18,11,1,4,18,17,1,19,4,16,18,2,4,16,7,7,False,True,False,False,False,False,False,True,0,17,0,508,508,1,0,0,True,False,False,52.756,RIGHT
12,1,4,11,3,19,2,19,18,1,19,12,8,11,9,4,16,27,20.12461179749811,False,False,True,False,False,True,True,False,8,0,1,515,515,1,0,0,True,False,False,53.617,DOWN
12,19,12,1,3,19,3,19,18,19,1,12,8,1,19,12,8,9,9,True,False,False,False,False,False,True,False,0,18,0,533,533,1,0,0,True,False,False,55.406,LEFT
3,19,12,9,16,4,1,20,19,19,1,3,17,9,11,12,8,28,19.849433241279208,False,False,False,True,True,False,False,True,9,0,1,541,541,1,0,0,True,False,False,56.327,UP
3,2,5,19,16,4,4,20,19,2,18,3,17,19,1,5,15,15,13.152946437965905,False,True,False,False,False,True,False,True,0,17,1,558,558,1,0,0,True,False,False,57.976,RIGHT
14,2,3,10,16,4,2,20,19,2,18,14,6,10,10,3,17,4,2.8284271247461903,False,False,True,False,False,True,False,True,11,0,1,569,569,1,0,0,True,False,False,59.104,DOWN
14,12,5,2,16,4,3,20,19,12,8,14,6,2,18,5,15,10,8.246211251235321,True,False,False,False,True,False,False,True,0,10,1,579,579,1,0,0,True,False,False,60.071,LEFT
10,12,9,2,16,4,1,20,19,12,8,10,10,2,18,9,11,14,10,False,False,False,True,True,False,False,True,4,1,2,583,583,1,0,0,True,False,False,60.462,UP
10,2,14,7,16,4,4,20,19,2,18,10,10,7,13,14,6,8,6.324555320336759,False,True,False,False,False,True,False,True,0,10,2,593,593,1,0,0,True,False,False,61.475,RIGHT
16,2,13,12,16,4,2,20,19,2,18,16,4,12,8,13,7,2,2,False,False,True,False,False,True,False,False,6,0,2,599,599,1,0,0,True,False,False,62.103,DOWN
16,11,10,7,9,11,3,21,20,11,9,16,4,7,13,10,10,7,7,True,False,False,False,False,False,True,False,0,9,2,607,607,1,0,0,True,False,False,62.97,LEFT
9,11,11,2,16,19,1,22,21,11,9,9,11,2,18,11,9,15,10.63014581273465,False,False,False,True,False,True,False,True,7,0,2,613,613,1,0,0,True,False,False,63.709,UP
9,4,16,4,16,19,3,22,21,4,16,9,11,4,16,16,4,22,16.55294535724685,False,True,False,False,False,True,False,True,1,7,2,620,620,1,0,0,True,False,False,64.428,LEFT
3,4,16,10,16,19,2,22,21,4,16,3,17,10,10,16,4,28,19.849433241279208,False,False,False,True,False,True,False,True,6,0,3,626,626,1,0,0,True,False,False,64.963,DOWN
3,18,9,5,16,19,4,22,21,18,2,3,17,5,15,9,11,14,13.038404810405298,True,False,False,False,False,True,False,True,0,14,2,640,640,1,0,0,True,False,False,66.387,RIGHT
15,18,3,9,16,19,2,22,21,18,2,15,5,9,11,3,17,2,1.4142135623730951,False,False,True,False,False,True,False,True,12,0,1,652,652,1,0,0,True,False,False,67.65,DOWN
15,7,3,18,16,19,4,22,21,7,13,15,5,18,2,3,17,13,12.041594578792296,True,False,False,False,False,True,False,True,0,9,1,661,661,1,0,0,True,False,False,68.505,RIGHT
19,7,7,18,16,19,2,22,21,7,13,19,1,18,2,7,13,15,12.36931687685298,False,False,True,False,False,True,True,False,4,0,2,665,665,1,0,0,True,False,False,68.878,DOWN
19,14,14,18,16,19,3,22,21,14,6,19,1,18,2,14,6,8,5.830951894845301,True,False,False,False,False,True,True,False,0,7,3,672,672,1,0,0,True,False,False,69.605,LEFT
6,14,18,7,16,19,2,22,21,14,6,6,14,7,13,18,2,15,11.180339887498949,False,False,False,True,False,True,False,True,13,0,2,685,685,1,0,0,True,False,False,70.963,DOWN
6,0,19,12,16,19,4,22,21,0,20,6,14,12,8,19,1,29,21.470910553583888,True,False,False,False,False,True,False,True,0,6,2,691,691,14,0,0,True,False,False,71.492,RIGHT
16,0,11,14,16,19,2,22,21,0,20,16,4,14,6,11,9,19,19,False,False,True,False,False,True,False,False,10,0,2,701,701,1,0,0,True,False,False,72.518,DOWN
16,18,13,0,16,19,3,22,21,18,2,16,4,0,20,13,7,1,1,True,False,False,False,False,True,False,False,0,18,1,719,719,1,0,0,True,False,False,74.368,LEFT
4,18,16,9,16,19,2,22,21,18,2,4,16,9,11,16,4,13,12.041594578792296,False,False,False,True,False,True,False,True,12,0,1,731,731,1,0,0,True,False,False,75.522,DOWN
4,19,16,10,16,19,4,22,21,19,1,4,16,10,10,16,4,12,12,True,False,False,False,False,False,False,True,0,1,2,732,732,1,0,0,True,False,False,75.689,RIGHT
16,19,13,18,11,11,1,23,22,19,1,16,4,18,2,13,7,13,9.433981132056603,False,False,True,False,True,False,True,False,12,0,2,743,743,1,0,0,True,False,False,76.877,UP
16,11,5,18,11,11,3,23,22,11,9,16,4,18,2,5,15,5,5,False,True,False,False,False,False,True,False,0,8,3,751,751,1,0,0,True,False,False,77.701,LEFT
4,11,13,19,13,15,1,24,23,11,9,4,16,19,1,13,7,13,9.848857801796104,False,False,False,True,False,True,False,True,12,0,2,762,762,1,0,0,True,False,False,78.869,UP
4,5,16,16,13,15,3,24,23,5,15,4,16,16,4,16,4,19,13.45362404707371,False,True,False,False,False,True,False,True,0,6,2,768,768,1,0,0,True,False,False,79.428,LEFT
2,5,16,14,13,15,2,24,23,5,15,2,18,14,6,16,4,21,14.866068747318506,False,False,False,True,False,True,False,True,2,0,3,770,770,1,0,0,True,False,False,79.679,DOWN
2,17,7,11,13,15,4,24,23,17,3,2,18,11,9,7,13,13,11.180339887498949,True,False,False,False,True,False,False,True,0,12,3,782,782,1,0,0,True,False,False,80.861,RIGHT
13,17,2,5,13,15,1,24,23,17,3,13,7,5,15,2,18,2,2,False,False,True,False,True,False,False,False,11,0,1,793,793,1,0,0,True,False,False,82.006,UP
13,3,3,17,11,3,3,25,24,3,17,13,7,17,3,3,17,2,2,False,True,False,False,False,False,True,False,0,14,1,806,806,1,0,0,True,False,False,83.381,LEFT
5,3,10,17,18,15,2,26,25,3,17,5,15,17,3,10,10,25,17.69180601295413,False,False,False,True,False,True,False,True,8,0,2,813,813,1,0,0,True,False,False,84.2,DOWN
5,8,13,15,18,15,3,26,25,8,12,5,15,15,5,13,7,20,14.7648230602334,True,False,False,False,False,True,False,True,1,5,2,818,818,1,0,0,True,False,False,84.661,LEFT
3,8,13,13,18,15,2,26,25,8,12,3,17,13,7,13,7,22,16.55294535724685,False,False,False,True,False,True,False,True,3,0,3,820,820,1,0,0,True,False,False,84.874,DOWN
3,17,13,4,18,15,4,26,25,17,3,3,17,4,16,13,7,17,15.132745950421556,True,False,False,False,True,False,False,True,0,9,4,829,829,1,0,0,True,False,False,85.831,RIGHT
18,17,4,8,18,15,1,26,25,17,3,18,2,8,12,4,16,2,2,False,False,True,False,True,False,False,False,15,0,2,844,844,1,0,0,True,False,False,87.323,UP
18,2,6,17,17,1,3,28,27,2,18,18,2,17,3,6,14,2,1.4142135623730951,False,True,False,False,True,False,True,False,0,15,1,857,857,1,0,0,True,False,False,88.811,LEFT
6,2,18,17,17,1,2,28,27,2,18,6,14,17,3,18,2,12,11.045361017187261,False,False,False,True,True,False,False,True,12,0,1,869,869,1,0,0,True,False,False,89.981,DOWN
6,14,18,5,17,1,4,28,27,14,6,6,14,5,15,18,2,24,17.029386365926403,True,False,False,False,True,False,False,True,0,12,2,881,881,1,0,0,True,False,False,91.242,RIGHT
18,14,9,2,17,1,1,28,27,14,6,18,2,2,18,9,11,14,13.038404810405298,False,False,True,False,True,False,True,False,12,0,2,893,893,1,0,0,True,False,False,92.433,UP
18,1,6,12,17,1,3,28,27,1,19,18,2,12,8,6,14,1,1,False,True,False,False,False,False,True,False,0,13,2,906,906,1,0,0,True,False,False,93.74,LEFT
0,1,18,11,2,18,2,29,28,1,19,0,20,11,9,18,2,19,17.11724276862369,False,False,False,True,False,True,False,True,18,0,1,923,923,1,0,0,True,False,False,95.479,DOWN
0,17,12,1,2,18,4,29,28,17,3,0,20,1,19,12,8,3,2.23606797749979,True,False,False,False,False,True,False,True,0,16,1,939,939,1,0,0,True,False,False,97.121,RIGHT
15,17,0,4,2,18,1,29,28,17,3,15,5,4,16,0,20,14,13.038404810405298,False,False,True,False,False,True,True,False,15,0,1,954,954,1,0,0,True,False,False,98.682,UP
15,4,0,17,2,18,3,29,28,4,16,15,5,17,3,0,20,27,19.1049731745428,False,True,False,False,False,True,True,False,0,13,1,967,967,1,0,0,True,False,False,99.95,LEFT
1,4,14,17,2,18,2,29,28,4,16,1,19,17,3,14,6,15,14.035668847618199,False,False,False,True,False,True,False,True,14,0,2,981,981,1,0,0,True,False,False,101.361,DOWN
1,5,15,17,2,18,2,29,28,5,15,1,19,17,3,15,5,14,13.038404810405298,True,False,False,False,False,True,False,True,1,1,2,982,982,1,0,0,True,False,False,101.461,DOWN
1,17,15,5,2,18,4,29,28,17,3,1,19,5,15,15,5,2,1.4142135623730951,True,False,False,False,False,True,False,True,0,13,2,994,994,1,0,0,True,False,False,102.691,RIGHT
13,17,4,4,2,18,1,29,28,17,3,13,7,4,16,4,16,12,11.045361017187261,False,False,True,False,False,True,True,False,12,0,2,1006,1006,1,0,0,True,False,False,103.873,UP
13,4,1,14,2,18,3,29,28,4,16,13,7,14,6,1,19,25,17.804493814764857,False,True,False,False,False,True,True,False,0,13,2,1019,1019,1,0,0,True,False,False,105.162,LEFT
0,4,11,17,2,18,2,29,28,4,16,0,20,17,3,11,9,16,14.142135623730951,False,False,False,True,False,True,False,True,13,0,2,1032,1032,1,0,0,True,False,False,106.466,DOWN
0,18,13,5,2,18,4,29,28,18,2,0,20,5,15,13,7,2,2,True,False,False,False,False,False,False,True,0,14,2,1046,1046,1,0,0,True,False,False,107.889,RIGHT
11,18,4,4,11,6,1,30,29,18,2,11,9,4,16,4,16,12,12,False,False,True,False,True,False,False,False,11,0,2,1056,1056,1,0,0,True,False,False,109.027,UP
11,6,0,11,7,6,3,31,30,6,14,11,9,11,9,0,20,4,4,False,True,False,False,False,False,True,False,0,12,2,1067,1067,1,0,0,True,False,False,110.206,LEFT
2,6,1,18,15,5,2,32,31,6,14,2,18,18,2,1,19,14,13.038404810405298,False,False,False,True,True,False,False,True,9,1,2,1075,1075,1,0,0,True,False,False,111.064,DOWN
2,18,11,16,15,5,4,32,31,18,2,2,18,16,4,11,9,26,18.384776310850235,True,False,False,False,True,False,False,True,0,12,2,1087,1087,1,0,0,True,False,False,112.294,RIGHT
14,18,9,6,15,5,1,32,31,18,2,14,6,6,14,9,11,14,13.038404810405298,False,False,True,False,True,False,False,True,12,0,2,1099,1099,1,0,0,True,False,False,113.486,UP
14,4,2,13,15,5,3,32,31,4,16,14,6,13,7,2,18,2,1.4142135623730951,False,True,False,False,False,True,False,True,0,14,2,1113,1113,1,0,0,True,False,False,114.944,LEFT
3,4,8,18,15,5,2,32,31,4,16,3,17,18,2,8,12,13,12.041594578792296,False,False,False,True,False,True,False,True,11,0,2,1124,1124,1,0,0,True,False,False,116.012,DOWN
3,18,14,10,15,5,4,32,31,18,2,3,17,10,10,14,6,25,17.69180601295413,True,False,False,False,True,False,False,True,0,14,2,1138,1138,1,0,0,True,False,False,117.375,RIGHT
15,18,8,4,15,5,1,32,31,18,2,15,5,4,16,8,12,13,13,False,False,True,False,True,False,False,False,12,0,2,1150,1150,1,0,0,True,False,False,118.623,UP
15,4,3,12,2,3,3,33,32,4,16,15,5,12,8,3,17,14,13.038404810405298,False,True,False,False,True,False,True,False,0,14,2,1163,1163,1,0,0,True,False,False,119.988,LEFT
4,4,8,18,2,3,1,33,32,4,16,4,16,18,2,8,12,3,2.23606797749979,False,False,False,True,True,False,True,False,11,0,2,1174,1174,1,0,0,True,False,False,121.166,UP
4,0,12,18,2,3,3,33,32,0,20,4,16,18,2,12,8,5,3.605551275463989,False,True,False,False,False,True,True,False,0,4,3,1178,1178,1,0,0,True,False,False,121.483,LEFT
2,0,14,18,2,3,2,33,32,0,20,2,18,18,2,14,6,3,3,False,False,False,True,False,True,False,False,2,0,4,1180,1180,1,0,0,True,False,False,121.694,DOWN
2,16,15,4,19,13,4,34,33,16,4,2,18,4,16,15,5,20,17.26267650163207,True,False,False,False,True,False,False,True,0,16,3,1195,1195,1,0,0,True,False,False,123.358,RIGHT
18,16,3,0,19,13,1,34,33,16,4,18,2,0,20,3,17,4,3.1622776601683795,False,False,True,False,True,False,False,True,16,0,2,1211,1211,1,0,0,True,False,False,124.955,UP
18,4,2,11,19,13,3,34,33,4,16,18,2,11,9,2,18,10,9.055385138137417,False,True,False,False,False,True,False,True,0,12,2,1223,1223,1,0,0,True,False,False,126.192,LEFT
2,4,13,16,19,13,2,34,33,4,16,2,18,16,4,13,7,26,19.235384061671343,False,False,False,True,False,True,False,True,16,0,2,1239,1239,1,0,0,True,False,False,127.733,DOWN
2,18,18,7,19,13,4,34,33,18,2,2,18,7,13,18,2,22,17.72004514666935,True,False,False,False,True,False,False,True,0,14,2,1253,1253,1,0,0,True,False,False,129.146,RIGHT
19,18,4,4,19,13,1,34,33,18,2,19,1,4,16,4,16,5,5,False,False,True,False,True,False,False,False,17,0,2,1270,1270,1,0,0,True,False,False,130.847,UP
19,5,2,14,3,12,3,35,34,5,15,19,1,14,6,2,18,23,17.46424919657298,False,True,False,False,False,True,True,False,0,13,2,1282,1282,1,0,0,True,False,False,132.194,LEFT
6,5,11,18,3,12,2,35,34,5,15,6,14,18,2,11,9,10,7.615773105863909,False,False,False,True,False,True,True,False,13,0,2,1295,1295,1,0,0,True,False,False,133.523,DOWN
6,12,18,18,3,12,3,35,34,12,8,6,14,18,2,18,2,3,3,True,False,False,False,False,False,True,False,1,7,3,1302,1302,1,0,0,True,False,False,134.219,LEFT
1,12,19,15,0,6,1,36,35,12,8,1,19,15,5,19,1,7,6.082762530298219,False,False,False,True,True,False,True,False,6,0,3,1306,1306,1,0,0,True,False,False,134.703,UP
1,6,19,9,0,6,3,36,35,6,14,1,19,9,11,19,1,1,1,False,True,False,False,False,False,True,False,2,6,4,1312,1312,1,0,0,True,False,False,135.257,LEFT
